customer_id,customer_name,email,phone,city,state,country,registration_date
1001,Kerry Davidson,mrodriguez@yahoo.com,001-138-260-3107,Hudsonburgh,NE,USA,2023-03-23
1002,Lucas Young,uwalsh@yahoo.com,001-774-483-0717x38593,Brianstad,AK,USA,2022-08-28
1003,Aaron Fernandez,nelsonscott@yahoo.com,303-788-1293x8891,Port Eric,UT,USA,2022-04-14
1004,Jamie Fuentes,honeal@yahoo.com,+1-193-019-8347,Palmerfurt,MD,USA,2024-08-08
1005,George Cruz,bedwards@gmail.com,+1-599-440-1209x3851,North Richardshire,WY,USA,2024-06-08
1006,Justin Gardner,trichardson@gmail.com,862-204-1589,New James,LA,USA,2023-05-26
1007,Jasmine Barrett,dawnschneider@gmail.com,384.722.8401x862,Josephside,SD,USA,2024-08-20
1008,Tracy Mack,rhendricks@gmail.com,(467)879-6240x32349,Martinezfort,OH,USA,2024-12-21
1009,Sandra Farmer,matthew79@hotmail.com,(012)234-4496x583,Taylormouth,IN,USA,2025-01-19
1010,Cynthia Brown,michaelowen@wilson-clements.com,2599013539,East Katherineport,PA,USA,2023-07-30
1011,Anthony Rosales,claytongreene@brown.biz,267.045.8992x2911,North Gabrielberg,TN,USA,2023-08-10
1012,Alexis Walker,jimmydean@thomas.biz,(312)480-6972,South Justin,NE,USA,2022-12-30
1013,Michelle Johnson,petersonleslie@jones.info,568-365-4273,Morrisbury,OK,USA,2023-09-30
1014,Latoya Stanley,jennifer83@hughes-young.com,366.344.0359x336,South Craig,FL,USA,2022-12-12
1015,Abigail Park,jeffreystewart@gmail.com,573-261-8304x321,West Desiree,TX,USA,2025-01-17
1016,Amy Savage,williamskathleen@bailey.com,897-286-8465,Lake Rebecca,NE,USA,2023-11-01
1017,Jennifer Hunt,btanner@hotmail.com,134.895.3859,Racheltown,VA,USA,2022-10-11
1018,Jose Burns,steven01@roberts.com,519-778-4884,West Larrytown,NV,USA,2024-12-14
1019,Mark Jackson,hray@powell.com,+1-127-252-4961x85301,Banksfurt,MO,USA,2024-08-19
1020,Stacey Fuller,thomas23@glenn.com,7132519478,Samuelport,AZ,USA,2024-08-24
1021,Cheryl Meadows,kristawhitney@phillips.com,778.603.4039,Port Brianna,NC,USA,2023-03-07
1022,Nicole Rivera,youngkeith@hotmail.com,(289)614-9891,East Jared,ND,USA,2023-05-23
1023,Natalie Serrano,kendra47@lee-fitzpatrick.com,(581)623-6720,North Karen,CT,USA,2024-11-11
1024,Gabriel Vargas,ashleyjackson@gmail.com,001-045-178-7967,South Karlatown,KS,USA,2024-12-15
1025,Chelsea Meyers,thomasemma@yahoo.com,185.529.7724x70554,Racheltown,CT,USA,2025-01-05
1026,Latoya Alexander,waterskeith@gmail.com,048.221.7577x295,North Sueton,HI,USA,2023-11-08
1027,Gregory Hart,znelson@gmail.com,5536550999,Lake Samuel,NH,USA,2024-05-26
1028,Christine Sanders,mchandler@hotmail.com,706-204-1960,Rebeccahaven,IA,USA,2023-07-02
1029,Sandra Rogers,fhernandez@hotmail.com,210.779.8886x2023,East Sabrinamouth,NV,USA,2024-11-24
1030,Paul Hanson,abaker@goodman.info,286.181.6598,West William,KS,USA,2022-04-13
1031,Taylor Johnson,xjackson@sanders.com,+1-787-732-3648x882,Donnaland,TN,USA,2023-05-06
1032,Stephanie Livingston,andreahenson@hotmail.com,537.238.6304x81831,Williamsside,WA,USA,2022-05-17
1033,Mary Martin,briannamarshall@tucker.com,067-000-6823x43664,North Shelby,NV,USA,2022-06-28
1034,Steven Bryant,ckennedy@li.com,+1-252-636-2837,Ianview,MS,USA,2023-10-31
1035,Charlene Luna,kennedyoscar@hotmail.com,272.395.2742x2356,Vanessaton,MD,USA,2023-05-04
1036,Seth Hernandez,brownkristi@russo.com,001-102-605-0669x56189,New Melissa,AR,USA,2022-06-14
1037,Michelle Kelly,wfoley@arnold-watkins.net,(985)342-9934,Brendaport,SD,USA,2023-09-27
1038,Thomas Long,carlosjohnson@mcclure.com,001-343-918-8433x344,Mitchellberg,KY,USA,2024-09-30
1039,Jill Garza,johnsonanita@johnson.biz,287.524.6692,Edwardstad,NY,USA,2024-07-16
1040,Jared Bryant,logan05@smith-cervantes.biz,+1-182-940-8340x7298,Lyonsberg,NV,USA,2024-05-12
1041,John Rivera,jordanjulie@marquez-ross.com,180.519.4850,Starkview,MD,USA,2023-03-26
1042,Traci Welch,gordonamanda@rogers.com,907.136.5547,South Sean,NM,USA,2022-12-04
1043,Matthew Martinez,jleon@ramirez.com,001-115-713-4688,Blackmouth,IN,USA,2023-11-19
1044,Stephanie Fuller,vanessamorales@yahoo.com,+1-057-633-4014,West Michelle,RI,USA,2022-10-11
1045,John Vance,thomasrobinson@moreno-blackburn.org,+1-095-729-2693,Taylorborough,MS,USA,2023-04-07
1046,Nancy Owens,kathy91@fernandez-morrison.com,001-901-289-2845,Guzmanburgh,IL,USA,2022-03-21
1047,Brenda Wilkins,kimberly32@hotmail.com,607.526.4405x252,Gardnerside,OR,USA,2023-02-17
1048,Robin Green,jason65@yahoo.com,001-459-409-2819x77454,New Greghaven,VA,USA,2023-12-03
1049,Timothy Garcia,browningvalerie@torres-roberts.info,(772)655-8189,Jessicaborough,CT,USA,2024-04-17
1050,Elizabeth Peterson,taylorchad@gmail.com,001-742-157-2084x633,East Samanthastad,CT,USA,2023-08-28
1051,Jason Berry,ymiller@smith.com,439-132-2662x7669,West Anneville,OR,USA,2024-06-11
1052,Amanda Castillo,emitchell@castro.com,011-100-7501,Port Susanborough,AR,USA,2024-11-19
1053,Lori Walls,ithompson@hotmail.com,(573)418-4527,South Katherinefort,CA,USA,2023-01-13
1054,Jon Dillon,cooperrobert@yahoo.com,963.293.1142,West Luis,OH,USA,2022-12-28
1055,Ethan Shaw,julia85@hotmail.com,2584670851,New James,CO,USA,2024-02-25
1056,Tina Case,cameron87@yahoo.com,8252608358,Port Theresa,ND,USA,2022-03-11
1057,Melissa Beard,xbutler@scott.com,+1-652-884-4196x183,North Angela,VA,USA,2024-07-27
1058,Peter Cunningham,fwhite@finley.com,+1-184-714-0422x8525,Karenstad,KS,USA,2023-11-25
1059,Gina Smith,pinedajason@hotmail.com,081-001-5901,Mendozaberg,WI,USA,2022-10-31
1060,Sean Matthews,juliaruiz@schneider.org,854.026.1869,Butlertown,MT,USA,2023-04-02
1061,Jamie Carpenter,cainshelia@hotmail.com,001-921-686-4909,Kathleenville,DE,USA,2024-09-13
1062,Kathleen Martinez,melissahansen@gmail.com,+1-092-121-3886,Port Timothy,MS,USA,2023-11-23
1063,Dr. Christopher Tate,eharrison@gregory-castillo.biz,664-441-6126x85058,Port Sharon,MI,USA,2023-06-26
1064,Stacy Fox,nrichardson@porter.com,(705)794-6118,Robertland,HI,USA,2024-09-21
1065,Patricia Baxter,johnsonanna@rodriguez.net,0240527172,Port Sean,NV,USA,2024-10-10
1066,Julie Thomas,bcharles@hotmail.com,729.802.9827x0293,North Jackbury,AK,USA,2022-11-24
1067,Lynn Leon,rachelcruz@sanders-clark.com,001-246-604-8849x3628,East Teresa,KY,USA,2022-03-11
1068,Jackson Hunter,taylormichael@austin-fry.com,044.046.8055x88993,South Dawn,WI,USA,2023-06-21
1069,Jessica Mcclain,qdunn@lewis-yang.net,0226747922,Greenton,KS,USA,2023-12-18
1070,Joy Harris,gibsoncharles@hotmail.com,+1-003-732-6148x5383,Wagnerburgh,RI,USA,2023-05-04
1071,Jean Shaffer,kathryn07@yahoo.com,+1-557-021-9186x21490,Williamville,TX,USA,2024-04-20
1072,Donna Robinson,jacquelinehuber@gmail.com,001-606-883-0471x58785,Deannamouth,IN,USA,2023-02-26
1073,Stephen Chapman,bradley11@yahoo.com,001-246-070-2315x662,Navarroport,NC,USA,2024-09-20
1074,Alicia Chen,andrew30@norris-calderon.com,015-847-7031x6105,Amberport,ME,USA,2023-09-30
1075,Jessica Gardner,olivertiffany@yahoo.com,786.856.7977x74047,Nelsonchester,MD,USA,2023-04-05
1076,Robin Bailey,brianwilliams@yahoo.com,5131722758,Kylefurt,RI,USA,2022-12-23
1077,Ms. Virginia Aguilar,troy86@hotmail.com,+1-341-230-5167x35424,North Heidiville,PA,USA,2023-01-18
1078,Stephen Wang,smithveronica@yahoo.com,254-353-6224x317,Bryantburgh,RI,USA,2024-09-28
1079,Jennifer Arias,steve21@martinez.info,3320704274,Meganbury,PA,USA,2024-09-01
1080,Justin Carlson,nicolesimmons@yahoo.com,(079)927-9084,Lisabury,VT,USA,2023-03-01
1081,Dawn Chung,sjackson@hotmail.com,276.871.1336x2575,New Andrewstad,AL,USA,2022-03-20
1082,Miss Laura Smith,dawn20@yahoo.com,+1-982-487-5220x0610,Jefferystad,AL,USA,2024-04-03
1083,John Butler,griffinmary@hotmail.com,048.253.6953x024,Brewershire,DC,USA,2022-10-13
1084,Deborah Brown,james31@hotmail.com,927-069-8123x0208,Simonberg,IA,USA,2024-06-16
1085,Brittany Green,kiddmargaret@hotmail.com,464-501-1925,New Sergio,MA,USA,2024-04-02
1086,Nicole Carey,carolynjohnson@melton.org,001-803-871-1093x0154,East Brettburgh,IA,USA,2024-01-06
1087,Matthew Brown,nelsonbeth@collins.net,7453446450,East Ashleybury,NY,USA,2024-05-30
1088,Daniel Jenkins,treilly@collins.com,001-773-171-2261x245,Robertburgh,WA,USA,2024-12-27
1089,Erin Greer,jeanetteparks@moore.com,985.551.9235x73942,Clarkmouth,NC,USA,2024-02-27
1090,Nancy Morgan,perkinsrobert@hotmail.com,001-318-118-2198x42657,Smithview,ME,USA,2023-02-03
1091,Pamela Calderon,tara21@rollins.com,770.706.3448,West Davidville,ID,USA,2024-01-05
1092,Matthew Gomez,mariagraves@gmail.com,001-482-004-0326x7441,Lake Misty,IL,USA,2023-11-27
1093,Julie Williams,jason45@salazar.com,828.349.0946x35175,Michaelshire,GA,USA,2024-02-28
1094,John Simmons,carlos17@gmail.com,379.793.2290x744,East Marissaborough,NV,USA,2022-10-11
1095,Gary Archer,bonnie25@crane.net,449-087-2588,East Erin,OR,USA,2024-04-18
1096,Justin Peters,xbates@hotmail.com,+1-533-476-2195x80129,West Leslieburgh,NC,USA,2023-01-20
1097,Karla Rice,jasonlawrence@roberts.com,001-818-862-9379x982,Englishberg,WV,USA,2024-04-17
1098,Holly Vaughn,klinethomas@rodriguez-allen.com,+1-831-346-3105x8310,Zunigatown,WY,USA,2023-11-17
1099,Jeffrey Reeves,leeandrew@gmail.com,154-652-1589x9690,North Rebekah,RI,USA,2022-05-26
1100,Trevor Crawford,eileen23@gmail.com,146-545-3281x7220,West Zachary,WV,USA,2022-05-06
1101,Natalie West,jacob85@yahoo.com,001-816-678-7318x32974,New Bruce,KY,USA,2024-12-27
1102,Andrew Shaw,qcooke@yahoo.com,+1-320-440-7986,Troybury,WA,USA,2023-09-25
1103,Shane Thompson,samantha74@smith.com,941-161-9532x8319,Gibsonshire,WA,USA,2022-02-19
1104,Hunter Garner,lisa22@gmail.com,(441)881-0173,East Lindsay,UT,USA,2022-02-14
1105,Theresa Porter,brownrobert@yahoo.com,+1-397-650-8380x3937,Lake Josephland,KY,USA,2024-12-08
1106,Logan Day,lewispaula@fischer-king.net,056-136-4429,North Robertoland,OR,USA,2022-09-17
1107,Scott Beltran,sarah79@yahoo.com,001-164-755-1937x4874,Pittmanstad,MI,USA,2024-09-22
1108,Laura Simmons,brian20@gmail.com,886.479.8256,West Mark,CT,USA,2022-12-20
1109,Wayne Hernandez,reginapham@brown.com,634.570.4686x505,Burnsberg,ME,USA,2024-08-21
1110,Jason Tanner,lyonsbryan@yahoo.com,107.831.5614,New Heatherborough,HI,USA,2022-03-25
1111,Kyle Orozco,brianroach@rogers.com,001-856-724-8911x001,Port Kellyside,OH,USA,2024-09-16
1112,Phillip Bowman,bobby20@yahoo.com,(872)964-3233,Williamstad,PA,USA,2023-09-04
1113,Margaret Davis,mrhodes@gmail.com,001-907-937-4833x76452,East Charles,LA,USA,2022-03-22
1114,John Oconnor,edward74@yahoo.com,+1-176-291-4914,North Lindastad,NH,USA,2024-01-23
1115,Tristan Smith,reyespatrick@ho-guerrero.com,451-596-2159x19305,Port Kaitlinbury,NM,USA,2023-06-01
1116,Andrea Logan,tammygill@salinas.org,128-307-5995,Port Melinda,CO,USA,2023-12-13
1117,Ashley Simon,doughertysarah@valencia.com,+1-595-318-6848x1957,Port Ashleyville,MI,USA,2022-06-20
1118,Thomas Floyd,annelang@yahoo.com,+1-975-000-7919x846,Port Lisaberg,AK,USA,2024-03-07
1119,Michael Henderson,wayneroth@gmail.com,(614)468-6110,Port Paul,CA,USA,2022-05-16
1120,Jeremy Carter,lrubio@yahoo.com,(276)260-5613x240,Davidview,RI,USA,2023-07-05
1121,Jordan Diaz,harrisclaire@hotmail.com,(564)683-0578x14742,Richardshire,ME,USA,2024-06-11
1122,James Galloway,fmartin@hotmail.com,939.046.1014,Port Luisside,HI,USA,2023-10-06
1123,Jason Thompson,shanekaufman@proctor-simpson.biz,741.416.0952x9205,Port Monica,CA,USA,2023-10-02
1124,Eugene Johnson,rogerssandra@malone-mayo.com,(127)942-8023x7365,Powellport,NV,USA,2023-01-17
1125,Kevin Reynolds,lmcdonald@keller-thompson.com,675.898.5088,North Elizabethchester,DE,USA,2024-12-11
1126,Joanna Rodriguez,gonzalezmikayla@jackson.com,001-320-892-2084x925,New Dakotahaven,NJ,USA,2023-11-12
1127,Marissa Williams,kendrabarber@harrison-wheeler.biz,257.275.9259x88633,Wheelershire,IA,USA,2024-10-27
1128,Kent Haynes,andrewaters@yahoo.com,(323)416-6088,New Laurieland,UT,USA,2024-04-08
1129,Charles Griffin,tuckerrebecca@hotmail.com,(561)401-9167x81047,South Adamton,CT,USA,2024-12-05
1130,Jordan Ruiz,mitchelldonald@hotmail.com,(812)124-2672x06288,Nelsonview,TN,USA,2023-07-11
1131,Jessica Curtis,tina94@yahoo.com,781.328.5120,Lake Jameschester,SD,USA,2023-09-20
1132,Marilyn Meyers,marialarson@gmail.com,+1-071-490-2910x02184,Port Ryanside,SD,USA,2023-11-24
1133,Mary Joseph,dylanjohnson@yahoo.com,782.478.2815,Port Williamfurt,MI,USA,2022-09-14
1134,Clarence Moore,robertgarcia@jackson.com,001-622-037-4480,New Jasonville,AR,USA,2022-05-08
1135,Deborah Edwards,qhancock@flores.biz,211-665-7579,Christinabury,DE,USA,2022-05-30
1136,Stephanie Martinez,ibridges@wagner.com,001-940-531-4742,Lake Michaelshire,IL,USA,2022-08-02
1137,Sarah Porter,dhale@yahoo.com,(806)331-9901,North Emilyview,OH,USA,2022-07-20
1138,Erin Booth,pachecolynn@hall-santiago.com,(656)929-4467x932,Lucaschester,CA,USA,2022-06-30
1139,Kathleen Patrick,stevensonluis@wade.net,776-978-3081,Moranfort,TN,USA,2022-08-25
1140,Michelle Gilmore,megan73@gonzalez-prince.org,611.909.8182x879,Barbaraton,IN,USA,2023-06-19
1141,Nathan Johnson,aaronstevens@yahoo.com,001-610-928-1608x05610,Carlosville,CT,USA,2022-08-18
1142,Anthony Ewing,brenda49@cook.com,917-808-3650x63684,East Matthew,NH,USA,2023-09-21
1143,Stephen Powell,justinmeyer@wood.com,035-865-4798x29201,Arnoldville,NM,USA,2022-12-14
1144,Brian Morris,samuelmcclure@duran.com,788-696-2263x03543,Lake Anthony,IN,USA,2022-11-23
1145,Richard Giles,webstercarrie@hotmail.com,766.670.4092x549,West James,ND,USA,2023-03-09
1146,Gina Barber,melinda19@hotmail.com,448.599.5911x9997,Timothyland,CO,USA,2024-04-02
1147,James Richardson,kaufmanjill@hotmail.com,243-448-2159x51151,Briantown,CA,USA,2022-09-14
1148,Jason Brown,lindsey90@yahoo.com,+1-737-077-8209x4085,Port Alexanderland,CA,USA,2024-10-30
1149,William Keith,mckinneykelly@yahoo.com,001-198-630-7038,East Julieborough,HI,USA,2023-01-22
1150,Melissa Ford,baileyjohn@gmail.com,125-858-4181x69354,Henrystad,NV,USA,2022-12-10
1151,Shane Eaton,riggsandrew@gmail.com,663-454-0513x222,Paulshire,TX,USA,2022-08-12
1152,Michael House,rroth@humphrey.net,9968206207,Sellersstad,NJ,USA,2024-11-07
1153,Joseph Zhang,coopermaria@mills.com,(455)796-4728x96446,Josephstad,AZ,USA,2023-04-29
1154,Thomas Scott,robertmckinney@byrd.org,523.540.0077x5481,Hortontown,WI,USA,2024-01-23
1155,Kristin Zavala,annaacosta@yahoo.com,001-691-642-8186,West Robert,OH,USA,2023-12-01
1156,Ashley Martinez,jeff62@yahoo.com,(430)810-4371x796,Edwardport,IN,USA,2022-12-08
1157,Virginia Moore,hunterwarren@yahoo.com,(313)130-2654,Troyborough,WV,USA,2022-07-20
1158,Matthew Johnson,baileycaleb@yahoo.com,+1-736-187-9670x3086,Barnesberg,LA,USA,2023-11-11
1159,Ashley Ruiz,ericwatson@vargas.org,209.510.6607x18022,Karenburgh,KS,USA,2022-05-29
1160,Laura Hooper,greenecatherine@rivera.com,093.379.4407x793,North Jeromeshire,RI,USA,2022-07-23
1161,Jason Turner,joseph27@hotmail.com,(399)965-0613,Dennisberg,CO,USA,2022-08-30
1162,Jeffrey Oneill,williamslaura@hotmail.com,(286)942-1324,Seanhaven,WI,USA,2023-07-27
1163,Charles Andrews,quinnroger@cole-hernandez.org,001-557-284-6842x0946,Lake Theresa,OR,USA,2022-10-27
1164,Christina Carney,martinezmarcus@hotmail.com,2425868797,Port Sandraton,ND,USA,2024-01-02
1165,Tony Abbott Jr.,morriscandice@yahoo.com,(409)450-8258,Jonathanshire,MA,USA,2022-03-17
1166,Sarah Grant,allisoncampbell@gmail.com,920.544.0628,North Kirsten,WI,USA,2022-08-30
1167,Michael Miller,courtney80@webster.org,(957)645-6899x126,East Rickmouth,AL,USA,2025-01-22
1168,Deanna Ellis,terri80@moore.com,750-209-4836x4976,Belindachester,NY,USA,2023-02-22
1169,Angela Hunter,laura29@gmail.com,001-308-326-6697x959,West Tracey,AZ,USA,2023-03-01
1170,Michael Kennedy,qwise@hotmail.com,001-861-474-1355x1886,Bellmouth,NE,USA,2024-12-26
1171,Patrick Allen,gsnyder@joseph.com,(383)135-0411,East Donna,NJ,USA,2023-10-15
1172,Jonathan Gonzales,adrianrodriguez@evans-anderson.com,+1-517-411-5428x01696,East Erinburgh,WY,USA,2023-04-23
1173,Jessica Sanchez,devin90@gmail.com,001-232-337-2066,Amandachester,MN,USA,2025-01-14
1174,Rebecca Greer,nicole11@hotmail.com,+1-220-291-6819x4838,New Sherri,MA,USA,2024-04-26
1175,Chase Harmon,grahamcristina@romero-bartlett.com,+1-797-446-8039x3536,South Thomas,AR,USA,2024-01-04
1176,Darren Horton,danielmiller@knight-perry.com,333-644-2919x34619,North Jonathantown,CO,USA,2024-12-11
1177,Jean Marshall,yjohnson@hotmail.com,+1-256-139-4919,Juliemouth,SD,USA,2023-04-08
1178,Nathaniel Anthony,hillmia@stone-bender.net,895.688.6464x64294,Patriciaton,NM,USA,2024-01-06
1179,Aaron Daniels,wthornton@adams.org,(444)971-0582x2351,East Lindsay,TX,USA,2024-06-17
1180,Mr. Jason Hanson,patriciacooper@brown-peterson.com,829-943-5498x51393,Hillview,VT,USA,2022-10-29
1181,Kyle Maynard,aestrada@kline.com,001-570-276-6630x0693,West Brian,DC,USA,2024-10-22
1182,Derrick Farmer,jacobmejia@juarez-jackson.biz,001-820-851-7885x17671,South Tommyhaven,AK,USA,2023-05-15
1183,Joshua Rodriguez,lisadurham@gmail.com,001-207-826-4783,Annefort,NH,USA,2023-09-08
1184,Linda Pena,awheeler@gonzalez.biz,+1-624-235-8435x7586,Lucasstad,SC,USA,2023-10-10
1185,Eric Kaiser,bsalas@lee.com,163-433-2924,Jeromeburgh,SD,USA,2023-04-02
1186,Suzanne Yang,franciscoscott@gmail.com,354-438-5042,Lake Amy,ID,USA,2024-03-03
1187,Willie Fields,margaret51@hotmail.com,2277802872,Kevinbury,ID,USA,2023-08-14
1188,Sherri Wright,xcooke@yahoo.com,038-112-2017x8695,Meyerfort,NM,USA,2024-06-17
1189,Tyler Turner,jean06@hotmail.com,316-711-6611,Port Kathleen,NY,USA,2024-04-02
1190,Benjamin Hudson,wfields@yahoo.com,+1-792-773-6641x6921,Wrightport,AR,USA,2023-12-23
1191,Erik Carpenter,christinewhitehead@perkins.com,001-284-206-3935x3272,West Christina,OK,USA,2023-07-31
1192,James Johnson,kharris@yahoo.com,749.602.6878,Port Antoniohaven,OK,USA,2023-05-19
1193,Jason Hensley,shannonbrown@yahoo.com,+1-386-391-3055x93439,Davisside,NM,USA,2024-02-18
1194,Jaime Brown,dwilliams@yahoo.com,+1-081-155-3502x175,South Lesliestad,WA,USA,2024-11-21
1195,Juan Johnson MD,zpatrick@paul.com,772-564-9223x921,Lake Ryan,VT,USA,2023-07-30
1196,Christopher Reeves,tzavala@yahoo.com,8147792944,South Michael,AZ,USA,2024-06-12
1197,Sarah York,wtate@hotmail.com,189.205.9204x83081,Natashabury,KY,USA,2024-02-07
1198,James Jackson,frostjoshua@harris.com,525-656-4945x774,Lake Cynthiachester,WA,USA,2023-11-13
1199,Brian Cox,david16@campbell-lopez.com,422-270-6693x8960,Lake Kristinaton,UT,USA,2022-04-14
1200,Jenna Roberts,gonzalezeric@yahoo.com,(506)138-7173x664,Leahton,OH,USA,2022-12-30
1201,George Morales,zoe38@yahoo.com,+1-347-450-3696x111,New Christopherborough,WY,USA,2022-04-18
1202,Jason Galloway,bakerlinda@cooper.com,220-756-9216,Lake Mitchellton,NY,USA,2022-10-17
1203,Rhonda Rivera,lindadiaz@bass.com,7845867062,Lake Travistown,VA,USA,2023-12-06
1204,Lisa Long,brandon43@page.biz,+1-424-604-5282x12218,Liuborough,TN,USA,2024-06-05
1205,Carrie Marshall,edwin82@dickerson.com,538-208-2103,South Jillian,NE,USA,2023-04-17
1206,Hannah Diaz,sandra00@yahoo.com,0048224557,Lake Josephberg,CT,USA,2023-01-12
1207,Amy Ruiz,sara79@anderson.com,(316)382-6508,West Anita,FL,USA,2024-11-12
1208,Karen Jones,lisasimmons@yahoo.com,124-576-4414x9417,Joyborough,ME,USA,2024-11-29
1209,Jamie Harris,corey50@davenport-joyce.biz,(571)341-2535,Haysport,MD,USA,2024-07-06
1210,Courtney Luna,gturner@clark.com,348-813-7494,Lake Deanna,NJ,USA,2024-10-18
1211,Sara Douglas,kbond@fitzpatrick.com,(702)579-8131x8897,Lake Joshua,WA,USA,2022-07-30
1212,Angela Davis,zadams@jackson-monroe.biz,001-636-313-7700x838,Stewartburgh,IN,USA,2023-01-12
1213,Brenda Jones,huertakeith@gmail.com,375-132-6288,Williamsstad,AZ,USA,2024-11-28
1214,Susan Bennett,johnwillis@yahoo.com,+1-327-730-8226,Acevedoside,ID,USA,2022-04-12
1215,Cassidy Collins,mperry@andersen.com,518-160-7459,Savannahtown,VA,USA,2022-04-23
1216,Robert Thompson,reginawilson@benson.info,991-547-9649x48160,West Joshua,OH,USA,2024-07-19
1217,Margaret Moore,donald83@arroyo.com,287-768-0626,West Sarahmouth,DC,USA,2023-09-28
1218,William Perez,campbelljessica@hill.com,746-681-0010,Amychester,CO,USA,2024-09-22
1219,Tiffany Rogers,parkersara@mclaughlin.com,+1-142-952-1125,Jessicahaven,MD,USA,2024-01-24
1220,Kathleen Jones,callahandaniel@cabrera-gentry.info,665.673.7022x5324,Smithview,MD,USA,2022-04-24
1221,Jeffrey Taylor,alyssa06@morales.info,(473)565-5171x5161,East Garrettbury,IA,USA,2024-08-13
1222,Brady Parker,tracy20@bond-marsh.biz,001-468-069-5763x438,Castrostad,NY,USA,2024-03-06
1223,Earl Robinson,davidroberts@gmail.com,+1-956-618-6121,Port Marktown,NE,USA,2022-11-17
1224,Amy Dillon,tracymitchell@gmail.com,001-108-966-5088,Jessicashire,UT,USA,2024-08-22
1225,Melanie Garcia,dtaylor@hotmail.com,319-752-0940x63551,Brianburgh,IA,USA,2024-03-05
1226,Kathleen Sanchez,patricia76@hodges.com,316.393.4242x2535,North Matthew,TN,USA,2022-07-11
1227,Kimberly Garcia,pamelahughes@leonard.com,3945806656,North Vicki,AR,USA,2023-07-29
1228,Lisa Thornton,sjordan@gmail.com,983.786.6523x1764,Carlosberg,LA,USA,2024-08-26
1229,Charles Robinson,ccollins@miller.com,(440)575-0753,Jamesburgh,WV,USA,2023-01-25
1230,Richard Cooper,nicholashahn@gmail.com,+1-832-215-3024x516,Jenniferland,UT,USA,2024-05-10
1231,Jessica Johnson,michael93@acosta-vega.com,(968)279-0447x5640,Gravesberg,CT,USA,2023-05-06
1232,Robert Anderson,alex17@gmail.com,(711)619-1452x98610,Lake Johnton,WV,USA,2024-04-02
1233,Suzanne Reid,margaretramirez@hotmail.com,001-158-795-4331x613,Jenniferfort,NJ,USA,2022-05-24
1234,Dawn Johnson,agonzales@rogers.com,595.341.8570x029,Blacktown,KS,USA,2022-10-28
1235,Tiffany Castaneda,cody64@barnes-mcknight.com,469.460.7453,Port Wendytown,IA,USA,2022-04-12
1236,Megan Rosales,marymoreno@harrington-york.biz,073-147-8375x777,Grahamberg,MO,USA,2023-01-28
1237,Faith Pruitt,jonathanmitchell@marshall-wright.com,(860)394-7592x9931,Lake Steven,AL,USA,2024-10-01
1238,Jeremy Bailey,nicole60@yahoo.com,+1-976-560-3193x20728,Joshuaside,DE,USA,2023-10-31
1239,Dylan Andrews,danderson@gmail.com,(787)521-4716,Williamsville,NE,USA,2022-07-30
1240,Elizabeth Gomez MD,rrobertson@gmail.com,001-162-794-7645x4888,New Kimberly,MO,USA,2023-12-20
1241,Susan Gonzalez,barbararivera@wright.net,060-795-8038x219,Parkton,ME,USA,2022-03-18
1242,Maria Ortiz,brittanyporter@yahoo.com,(718)770-1820,New Cindyport,KY,USA,2023-12-12
1243,Mr. Charles Newman MD,qmccoy@hart.com,370.182.7280x96085,South Maria,AR,USA,2024-07-24
1244,Stephanie Santiago,lambertheather@hughes-hayes.info,(257)022-6011x016,Johntown,HI,USA,2024-09-03
1245,Mark Miller,nancycollins@hotmail.com,+1-368-071-6078x1659,Lake Joshua,KS,USA,2024-01-20
1246,Joseph Walton,xdrake@yahoo.com,6796302335,Matthewsville,GA,USA,2022-08-30
1247,Crystal Holloway,erobinson@gmail.com,+1-871-508-0000x276,East Michaelborough,MT,USA,2022-02-25
1248,Kyle Palmer,michaelsmith@hotmail.com,095-252-9807x478,West Michael,NH,USA,2023-01-11
1249,Michael Williams,edward64@gmail.com,315.243.4567x565,East Joshua,LA,USA,2024-09-14
1250,Donald Alvarez,bryanandrew@smith.info,312-504-6699x345,Lake Douglasberg,AR,USA,2024-05-26
1251,Angel Small,alan07@rush.info,562-439-1064x70324,Lake Molly,SD,USA,2023-09-23
1252,Lauren Knapp,garciamatthew@lopez.com,001-791-723-0400,Barryshire,CT,USA,2024-12-23
1253,Lynn Ramsey,greensamantha@gmail.com,(606)965-7824x889,New Cameron,OK,USA,2022-10-05
1254,Carol Thompson,jessicaholland@maldonado-johnson.net,(934)367-3350x59077,New Michelleport,NC,USA,2022-12-20
1255,Francisco Price,gmartin@ross.com,+1-712-782-0109x4946,Brianview,VT,USA,2023-03-22
1256,John Flores,khanjason@castaneda-miranda.com,001-448-554-7704x9885,East Emilyton,GA,USA,2022-02-13
1257,Anthony Johnson,whitneynewton@hotmail.com,001-667-784-4769x757,Jefferyville,OK,USA,2023-01-01
1258,Brent Wilkerson,marco54@salazar.com,+1-017-811-2852x7449,South Amandahaven,TX,USA,2023-05-18
1259,Tracy Singh,sherrylivingston@reese.net,+1-709-011-3161x756,West Cherylshire,NJ,USA,2023-03-27
1260,Lisa Valentine,wandarodriguez@yahoo.com,001-472-728-5462,Lake Madeline,AL,USA,2022-02-12
1261,Jennifer Thompson,stephaniedavidson@fisher.com,001-439-476-0975x761,Garciashire,FL,USA,2022-05-17
1262,Erica Williams,jacksonbennett@gmail.com,(449)281-4642,Deniseborough,TX,USA,2024-07-24
1263,Felicia Perez,dquinn@barton.com,001-080-005-4382,Michaelfort,TX,USA,2022-09-10
1264,Steven Johnson,amendoza@ferguson.com,5397860645,South Elizabethstad,ME,USA,2024-02-20
1265,Taylor Rodriguez,carrollgloria@kennedy.com,165.711.7514,Lake Seanton,PA,USA,2022-05-23
1266,Veronica Ford,christopher40@peterson-allen.com,624.688.9123,South Kelly,HI,USA,2022-10-22
1267,John Johnson,joethompson@gray.biz,161-139-3909x74412,Frederickstad,IA,USA,2022-05-19
1268,Michelle Hahn,adammendoza@jackson.net,(129)574-0418,Watsonton,ME,USA,2022-07-12
1269,Matthew Howard,susan49@yahoo.com,001-323-625-1460x1361,Lake Stevenchester,MO,USA,2022-06-21
1270,Natalie Reed,brownlisa@mendoza.com,(768)504-3092,North Patriciahaven,CO,USA,2023-04-24
1271,Ricky Richards,garciastacy@hotmail.com,050.596.4255x656,Robertshire,KY,USA,2023-10-17
1272,Henry Williams,tylerhaynes@gmail.com,9679731095,West Julie,OH,USA,2022-05-22
1273,Cheryl Simmons,johnsonjoshua@gmail.com,283.718.7834x2986,Lake Jonathan,AK,USA,2022-03-17
1274,Mrs. Sharon Mathews,dennis11@yahoo.com,001-107-204-0245x780,South Dawn,SD,USA,2024-03-25
1275,Brittney Roy,watersemma@yahoo.com,+1-116-990-9701,North Jenniferport,OK,USA,2024-04-11
1276,Walter Cooley,wturner@yahoo.com,001-209-228-7114x9685,East Laurietown,DC,USA,2024-07-29
1277,James Jones,thomascarol@rogers.com,+1-659-097-4400x75013,Lake William,OR,USA,2022-10-10
1278,Robert Charles,angela68@yahoo.com,(972)845-9750x560,South Deanna,GA,USA,2024-12-08
1279,Angel Lucas,connie60@gmail.com,001-743-048-2713x42224,Garrettview,AZ,USA,2023-11-10
1280,Emily Edwards,taylorevans@hotmail.com,+1-967-226-9996,Andrewhaven,CA,USA,2022-08-25
1281,Alice Luna,latashaallen@hotmail.com,233.131.9902x965,New Deanna,SD,USA,2022-10-05
1282,Christopher Camacho,holmesmelanie@riley.com,+1-712-748-9240x575,South Caroline,KS,USA,2022-09-28
1283,Harry Avery,karinarodriguez@holt.com,557.004.5488x435,Lake Patricia,DE,USA,2024-07-17
1284,David Smith,lthomas@gmail.com,001-023-255-0508x274,Terrytown,KS,USA,2022-09-26
1285,Haley Aguilar,joseph27@carter-drake.com,(129)541-8760,Marciamouth,LA,USA,2022-10-17
1286,James Doyle,johnsonmike@yahoo.com,(316)844-5085x9281,Wallaceside,WI,USA,2023-08-27
1287,Michael Martin,jason30@stevens-aguirre.biz,626.830.6993,Marciamouth,TX,USA,2023-12-05
1288,Hunter Miller,elara@yahoo.com,008-499-9409x10349,Charlesfurt,HI,USA,2022-04-16
1289,Joseph Stein,lloydmary@combs.com,+1-147-284-1908x2227,Keithmouth,KY,USA,2024-07-23
1290,Brenda Nicholson,dennisduncan@hotmail.com,499-107-7493,Daniellehaven,MA,USA,2022-04-11
1291,Jordan Doyle,torresmichael@sanders.com,001-052-790-6932x2101,North Nicole,OR,USA,2023-02-26
1292,Stephanie Brown,harriskevin@gonzales.info,(742)331-7775,Coxview,ME,USA,2022-04-17
1293,Anna Boone,upearson@hotmail.com,132.605.5255x22206,Robertside,SD,USA,2023-02-28
1294,Amanda Boone,mwagner@johnson.com,605.262.6563,Lake Suzannetown,ID,USA,2024-06-03
1295,Kiara Cobb,jamie35@yahoo.com,+1-920-567-7296x289,New Wendyfort,NJ,USA,2023-07-18
1296,Melissa Weber,amartinez@yahoo.com,(455)493-7465x7305,New Diane,KY,USA,2024-09-10
1297,Natalie Howe,samanthastewart@richards.net,2259209967,New Michelleport,UT,USA,2024-09-28
1298,Peter Hernandez,obarker@hotmail.com,096.295.0258,Port Sandraburgh,NY,USA,2024-07-28
1299,Russell Farrell,adam43@johnson.com,057-268-9925x209,North Ryanfurt,ID,USA,2023-07-01
1300,Marie Hahn,tiffanywilliams@yahoo.com,+1-060-305-8688x5873,New Robertmouth,ID,USA,2022-02-02
1301,Michael Chavez,stephenswalter@gmail.com,001-689-376-3313,Youngchester,CO,USA,2023-02-04
1302,Anita Ponce,nancy24@hotmail.com,+1-716-058-9757,East Kaylee,DE,USA,2022-12-20
1303,Cynthia Fields,idavis@gmail.com,911.190.4675x964,Longview,DC,USA,2024-03-17
1304,Rebecca Robertson,bankssusan@wright.biz,593.656.4345x003,New Deniseview,KS,USA,2023-05-04
1305,Sheila Stevenson,jennifer22@jackson-york.net,(883)686-0308,Stephanietown,NJ,USA,2022-04-01
1306,Isaac Davis,denise77@yahoo.com,743-136-7832x29985,Faulknermouth,MT,USA,2023-03-18
1307,John Anderson,waltersrichard@gmail.com,581.335.0597x64111,Port Amy,MO,USA,2022-05-31
1308,Robert Bentley,veronica69@gmail.com,(221)942-3256x6029,Josephstad,MI,USA,2023-02-27
1309,Dustin Holland,joseph15@roy.org,401-681-5066x1659,Brendaburgh,CO,USA,2023-08-09
1310,Emily Patrick,ellisrachel@yahoo.com,785.524.1257x5674,Lake Terri,CA,USA,2024-05-01
1311,James Gallagher,juan50@gmail.com,610-548-8232x124,Yateston,KS,USA,2024-04-28
1312,Sergio Bryant,amanda16@alexander.com,284-889-1270,Port Reginaldfurt,WV,USA,2022-12-25
1313,Angela Giles,rodrigueznicole@rios-jackson.net,001-990-067-4591x17841,West Jermaineshire,IN,USA,2023-10-07
1314,Diane Warner,wilkinsonbrianna@sheppard-scott.com,056-927-9439x462,Port Robert,WA,USA,2022-04-07
1315,Elizabeth Wagner,melissakelly@hotmail.com,590.627.8845,Lake Elizabeth,WY,USA,2022-07-31
1316,Elizabeth Clark,wcaldwell@yahoo.com,426.335.4574,Obrientown,WI,USA,2022-07-06
1317,James Shannon,elizabethbruce@nguyen.org,(441)605-0850x4557,Paigeport,TX,USA,2023-05-23
1318,Jennifer Martinez,kim20@yahoo.com,+1-523-138-7871x6495,North Lisafort,MO,USA,2022-07-31
1319,Carrie Robinson,alfred52@myers.com,(365)041-6570,Paulborough,CA,USA,2023-09-25
1320,Rebecca Olson,vincent65@hotmail.com,554-241-8264,Timmouth,AK,USA,2024-03-01
1321,Jeffrey Morrison,amyroberts@yahoo.com,(429)763-1753x8600,Turnertown,GA,USA,2024-04-21
1322,Crystal Hansen,alyssaanderson@miller.com,567.889.9173x53484,South Michealville,MS,USA,2024-07-06
1323,Denise Graves,danieldominguez@martin-adkins.biz,001-077-614-6606x36607,Alyssaland,ID,USA,2024-08-05
1324,Thomas Franco,woodsjade@reynolds-brooks.com,285.817.1303x7961,East Seanstad,NY,USA,2023-04-27
1325,Toni Pena,amandagrant@young.net,249-213-1311x932,Port Gregory,NE,USA,2023-06-11
1326,Jennifer Diaz,jessica69@gray-rhodes.biz,(646)602-4571x2199,Jacksonchester,NH,USA,2024-09-11
1327,Jessica Russell,zcole@williams-barr.com,(848)918-0836,Lake Charles,KY,USA,2022-12-21
1328,Amber Gamble,hlyons@rodriguez-rivas.com,300-085-5465x62054,East Juliechester,OK,USA,2022-06-15
1329,Dawn Davis,danielle61@fox-park.com,+1-821-334-6206x352,Priceton,NV,USA,2022-06-08
1330,Robert Smith,vperez@gonzalez.com,9294802994,Davidchester,WV,USA,2024-09-07
1331,Robert Tran,daniel48@gmail.com,767-333-5408x6748,West Breannafort,MD,USA,2024-01-28
1332,Nancy Johnson DDS,ahansen@price-hernandez.com,653.654.9658x559,North Abigail,IL,USA,2024-10-30
1333,Brittany Vazquez,byang@yahoo.com,001-993-615-9547,Coxville,MT,USA,2022-09-16
1334,Holly Johnson,skinnermegan@nash.com,571.411.9871x3214,South Stephanie,AK,USA,2024-04-06
1335,David Horn,candace92@gmail.com,001-444-201-4814x03841,Lake Oscarchester,MT,USA,2024-07-07
1336,Lee Schaefer,taylorlinda@garza.net,001-325-156-8762x0232,East Ruthberg,IL,USA,2024-07-29
1337,Marissa Whitney,mark68@stewart-silva.biz,028.173.0770,New Alecfurt,MT,USA,2024-09-15
1338,Joshua Glass,imartinez@abbott.com,(973)201-6068x139,New Ronaldview,WI,USA,2022-10-03
1339,Lindsey Harris,zsanchez@hotmail.com,246.088.6900,Mullinsfurt,CT,USA,2023-05-08
1340,Kathryn Hawkins,christina55@yahoo.com,978.372.9727x0877,New Maria,IN,USA,2022-02-10
1341,Hannah Curry,cnewton@dixon.org,(712)631-3035,North Roger,AR,USA,2022-07-20
1342,Jeffrey Guerrero,collinsshannon@moore.com,(120)393-8400,West Joshua,CO,USA,2022-08-10
1343,Stephanie Sims,shannon69@williams.com,720-362-1478x046,North Jeffreyhaven,SD,USA,2024-09-08
1344,Sarah Choi,jeffrey31@hotmail.com,001-746-059-5322,Port Michael,IA,USA,2024-04-05
1345,Katherine Rowland,hesswilliam@carpenter.com,803-708-9951,Jeanneburgh,AL,USA,2023-09-13
1346,Sherry Armstrong,tanya91@gmail.com,252-340-8723x080,North Jacobberg,IA,USA,2022-10-28
1347,Laura Byrd,amaxwell@hotmail.com,001-429-558-0862x8658,Andrewchester,MI,USA,2024-07-01
1348,Erica Ramirez,justinsmith@hotmail.com,001-244-060-0038x06939,East Eric,GA,USA,2024-12-05
1349,Joshua Edwards,areyes@hotmail.com,001-723-849-8708,Georgefurt,VT,USA,2023-11-22
1350,Sheryl Golden,nmayer@yahoo.com,970-020-8718x2736,Torresbury,AZ,USA,2022-03-23
1351,George Garrett,ericksonlaura@gmail.com,001-534-638-6649,Laurenfort,MI,USA,2024-01-11
1352,Michael Ryan,rodney06@gmail.com,(093)398-1973,New Jeffrey,IL,USA,2022-04-12
1353,Casey Simmons,renee18@yahoo.com,736-308-3745x58128,Lake Michael,MS,USA,2023-04-26
1354,Brenda Moody,phall@jones.info,717-364-0362,Alisonfort,TX,USA,2024-08-19
1355,Jessica Hill,andersonantonio@yahoo.com,001-584-916-8796x53901,South Kimberly,LA,USA,2023-01-15
1356,Stephen Smith,ashley16@parker-fletcher.com,001-203-477-8838,Dianamouth,DC,USA,2022-02-06
1357,David Ellis DDS,leeashley@green.com,+1-344-230-6461x93921,Garnerview,MN,USA,2023-05-15
1358,Stephanie Clark,williamsmark@rowland.biz,001-665-559-4640x972,Lake Martinbury,CA,USA,2023-03-31
1359,Christina Hurley,matthew68@hotmail.com,143-755-2847x87243,New Joseton,IN,USA,2023-07-16
1360,John Rogers,rachel61@thompson.com,680.497.7518x36850,North Andrewhaven,NE,USA,2024-11-23
1361,Kyle Cantu,swagner@yahoo.com,001-620-477-8233x7092,Nathanland,AR,USA,2024-01-16
1362,Eric Rodriguez,lisamcintyre@yahoo.com,(593)584-1947,South Joshuahaven,WY,USA,2022-09-11
1363,Caitlin Rose,barbara52@rodgers.biz,342.666.5457x369,Port Jeremyside,RI,USA,2024-02-10
1364,Todd Schwartz,michaelhughes@clark.biz,(596)846-4659x1535,Glennborough,SD,USA,2023-05-23
1365,Erica Lee,eallen@moore.org,001-276-636-0280x7311,New Sylviamouth,GA,USA,2022-03-16
1366,James Lee,bthompson@grant.com,0390066144,Kellyhaven,LA,USA,2024-01-18
1367,Margaret Erickson,lisa93@gmail.com,887.388.1788,West Aaron,WI,USA,2023-01-29
1368,Joshua Jackson,holmesdiana@yahoo.com,001-418-128-8132x0378,Grayville,RI,USA,2023-02-16
1369,Rebekah Peterson,sarahjones@carroll.com,233-382-5385x196,Kathleenshire,CO,USA,2022-11-05
1370,Scott Patton,smithtracy@hotmail.com,+1-310-009-5854x8966,Port Johntown,PA,USA,2024-05-17
1371,Courtney Acosta,dustin61@gmail.com,305.886.2056,Port Paigeton,MS,USA,2022-05-06
1372,Debra Oneill,wanderson@robinson.com,307.054.1957x7792,East Dannyburgh,MT,USA,2023-12-05
1373,Theresa Jimenez,bholden@hotmail.com,+1-535-386-0931x334,Tracyshire,MS,USA,2023-07-26
1374,Garrett Walker,briancarlson@perkins.com,(586)562-6236x51551,Williamsbury,AK,USA,2024-11-19
1375,Jocelyn Carney,jameshall@hotmail.com,001-250-203-5750x8110,Ryanhaven,DC,USA,2022-03-12
1376,Dominique Little,stephaniereed@gmail.com,(241)094-5349x967,Victorshire,NJ,USA,2024-03-15
1377,Michael Campbell,brandon60@robinson-garcia.com,001-377-520-4307x942,Lake Craig,AK,USA,2024-09-28
1378,Jake Guzman,michaeljensen@hotmail.com,0587952776,Yeseniamouth,AK,USA,2022-05-11
1379,Chelsea Williams,penacindy@perez.info,(505)088-0928,Stephanieside,MT,USA,2024-10-02
1380,Priscilla Rowe,josephdouglas@mendoza-bates.org,676.030.1235x278,Taylorstad,NH,USA,2023-11-04
1381,Kimberly Lozano,ajuarez@gmail.com,001-059-001-3947,West Justin,KY,USA,2022-08-29
1382,Jennifer Brown,james93@hotmail.com,934-485-9345x322,Allisonfurt,NY,USA,2022-10-05
1383,Adam Nelson,karen46@bell.biz,353.723.8104x1978,Michaelfort,IL,USA,2022-11-10
1384,Mark Potter,lwalker@gmail.com,957-872-0574x39247,New Joshuaberg,RI,USA,2024-03-02
1385,Aaron Armstrong,jose51@blankenship.com,+1-656-219-1373,Chavezmouth,AK,USA,2024-05-18
1386,Stacey Cox,patrick91@jordan.com,+1-724-149-2458x8055,North Kennethfort,FL,USA,2023-03-13
1387,Nicole Lamb,ajohnson@gmail.com,802.107.8968x429,South Amberberg,HI,USA,2024-11-19
1388,Amanda Keller,christopherbaker@hamilton.com,189.486.4063x6258,West Jon,IL,USA,2023-11-18
1389,Veronica Bonilla,jasonbarton@jacobs.net,(962)059-3760,East Josephhaven,AR,USA,2022-09-16
1390,Jacob Carpenter,leslie07@smith.com,5303692705,New Allison,NH,USA,2024-10-14
1391,Theresa Bennett MD,tyler96@hotmail.com,693.577.8041,Scotthaven,NE,USA,2023-05-22
1392,Rodney Scott,harrisonandrew@gmail.com,+1-047-932-3216x94155,Lake Christopher,MD,USA,2023-03-04
1393,Dr. Nicholas Palmer,cramirez@hotmail.com,001-002-061-3575,Rachelside,OR,USA,2024-03-04
1394,Daniel Massey,rsparks@yahoo.com,001-768-490-4144,Brandyville,DC,USA,2022-03-12
1395,Kelly Martin,ryan67@yahoo.com,001-448-965-8425x8487,Sarahbury,PA,USA,2022-04-16
1396,John Smith,melissa90@murphy.info,944.479.4940,Port Mark,NC,USA,2024-05-12
1397,Kendra Davis,michael84@yahoo.com,(627)270-0561x6619,Port Brandyville,VA,USA,2024-03-20
1398,Jose Berry,williamsmark@hicks.com,001-277-433-2690x618,Ramirezfurt,CA,USA,2024-11-28
1399,Julie Schmitt,lbowman@hotmail.com,001-558-525-1828,New Marcus,NM,USA,2024-12-28
1400,Jeffrey Lara Jr.,justin14@mejia-rodgers.com,001-787-224-6724x887,Nicolefort,CO,USA,2024-05-18
1401,Amber Reyes,destinygalloway@gordon.com,(752)693-5330,Cookside,SD,USA,2024-07-08
1402,Nicholas May,eatonmichael@yahoo.com,329-588-0446x0706,Simmonshaven,HI,USA,2022-04-23
1403,Jordan Harris,ccox@gmail.com,(206)808-7233x2420,South Lori,CT,USA,2022-02-06
1404,Monica Hernandez,timothyjoyce@lopez.com,862-217-6233x0194,West Christopher,OH,USA,2023-10-12
1405,Timothy Hinton,benjamin94@yahoo.com,001-112-997-2900x93955,Larrychester,KY,USA,2024-01-21
1406,Judith Thompson,lisagomez@anderson.com,001-304-554-7767x8406,Lake Morgan,IA,USA,2023-12-18
1407,Micheal Austin,danielslaura@yahoo.com,817-780-8215x146,Wattsmouth,MS,USA,2022-09-24
1408,Julian Williams,chavezlacey@hotmail.com,352-674-0231x79542,Jeremiahberg,NC,USA,2024-03-01
1409,Kevin Williams,christinecantrell@gmail.com,001-067-876-2319x2721,South Connieview,MI,USA,2023-10-22
1410,Cynthia Lopez,rle@hotmail.com,+1-640-328-5034x304,Larsonburgh,VA,USA,2024-11-23
1411,Katherine Davis,hollytorres@moore.com,001-659-217-4158x3666,Angelaside,OR,USA,2022-07-18
1412,Johnathan Murray,khamilton@lane.info,+1-283-362-4229,Port Kayla,GA,USA,2024-07-27
1413,Steven Carter,hilldonald@yahoo.com,001-121-051-5249x124,Williamsport,NH,USA,2022-02-15
1414,Jonathan Bentley,penningtonkeith@williams-mills.com,044.511.5858x742,Angelahaven,CA,USA,2022-12-21
1415,Tracy Miller,oporter@walker.org,001-602-311-9799x068,Samanthaland,WY,USA,2023-10-28
1416,Lindsay Spencer DVM,eric00@hotmail.com,714-043-5403x5492,South Collinberg,DC,USA,2022-04-18
1417,Melinda Wang,suzanne90@hull.com,395-666-4637,East Johnton,TN,USA,2023-03-03
1418,Mary Webb,michelle52@gmail.com,5263886335,East Joseph,RI,USA,2022-10-05
1419,Anna Graham,frichardson@quinn.com,001-355-897-5829x598,Hansonstad,AR,USA,2023-10-28
1420,John Roth,lisaheath@gmail.com,871-075-5182x858,Murrayfurt,TX,USA,2023-02-02
1421,Greg Villa,ltaylor@carter.com,(930)410-5004x54564,Kendraland,NJ,USA,2023-09-14
1422,Cynthia Brown,jackaustin@yahoo.com,728-586-8545,Amberside,MA,USA,2024-02-21
1423,Kendra Thomas,margaretglenn@hensley.com,001-511-603-5122,Lake Amanda,MS,USA,2023-12-08
1424,Veronica Grant,zortiz@gmail.com,001-623-526-3199,West Bonnie,SD,USA,2022-09-21
1425,Lindsey Marks,andersongabriel@saunders.com,+1-251-515-9511x9109,North David,OH,USA,2023-03-04
1426,Daisy Brown,michael29@jennings-cameron.net,001-548-983-9440x5578,West Johnhaven,MO,USA,2022-04-27
1427,Katie Calhoun,vsmith@gmail.com,313.781.7422x19921,Tiffanyhaven,CO,USA,2023-02-14
1428,Kevin Medina,nataliestewart@yahoo.com,(040)236-0479x53573,Hatfieldmouth,WY,USA,2024-06-10
1429,Anna Valdez,susantorres@ware.info,(151)182-9811,Johntown,NV,USA,2024-07-28
1430,Catherine Lara,lgibbs@harper.com,(803)835-4051,West Joshua,MI,USA,2024-10-04
1431,Danny Villarreal,bbrown@foster.org,944.886.4441x83082,Knightbury,OR,USA,2022-10-26
1432,Timothy Johnson,ymccormick@bell-santiago.com,(559)264-4186x994,New Kathy,LA,USA,2024-06-20
1433,Maria Brown,warrenmegan@hotmail.com,150-904-2992x045,Lauraland,CO,USA,2025-01-17
1434,Mr. James Porter,joyce46@yahoo.com,001-956-425-5759x999,North Kimview,NV,USA,2024-07-27
1435,Mrs. Jackie Roberts MD,kathy45@rojas.net,859.941.4002,Moraside,IA,USA,2024-08-23
1436,Dominique Wells,thomashull@mora.com,(118)664-2814,North Roberttown,TX,USA,2024-09-26
1437,David Watson,monicabarnes@rogers.com,(360)770-8930,New James,HI,USA,2025-01-10
1438,Juan Howard,kevinsalazar@hotmail.com,751-430-9836x5715,Markshire,AR,USA,2022-11-22
1439,William Willis,carolschmidt@gmail.com,1335092949,Christyport,AL,USA,2022-12-19
1440,Susan Lewis,bradyadam@gmail.com,001-281-393-9069x957,Carrieport,MA,USA,2024-09-14
1441,Brooke Jones,jonathanvazquez@hotmail.com,676-873-3049x721,Walkerland,DE,USA,2022-03-14
1442,Jeffrey Lewis,ocarpenter@quinn.com,(083)783-7846,Lake Marcoview,FL,USA,2022-03-19
1443,Ronald Jackson,osingh@williams.net,(664)247-3069x9910,North Jennifer,NH,USA,2023-09-07
1444,Michael Cox,johnsonjoseph@palmer.com,(273)791-3386,Alexisview,OK,USA,2023-11-15
1445,Warren Boyle,jessicastephens@moore-kirby.com,935.250.5734,Susanfurt,ID,USA,2024-10-23
1446,Cody Skinner,jessicahill@hotmail.com,001-511-359-5764,Wellsberg,WI,USA,2024-11-06
1447,Hannah Carr,mikeclark@yahoo.com,348-700-6723x81698,North Taylor,TN,USA,2022-11-23
1448,Rachel Reynolds,aliciaallison@hotmail.com,3837420402,Theresaberg,ME,USA,2023-12-17
1449,Eric Hill,rebeccagarcia@yahoo.com,(568)051-3592x44050,New Donaldchester,WY,USA,2022-05-31
1450,Jorge West,fergusonchristine@gmail.com,063-877-9289,Dennisburgh,MI,USA,2024-11-11
1451,Brandi Diaz,coreydavis@hotmail.com,(069)186-4786x241,Amyland,WY,USA,2022-03-22
1452,Matthew Ramos,deniseschultz@hotmail.com,229.628.9554,West Cynthia,AL,USA,2023-08-04
1453,Cindy Wells,brownerin@hotmail.com,624.077.4063,Duncanchester,OR,USA,2024-12-01
1454,Joshua Tapia,contrerastamara@dawson-leach.com,039.888.8733x951,Stewartside,SD,USA,2023-03-13
1455,Taylor Elliott,kristinejones@hotmail.com,486.478.0677x87688,East Johnland,AK,USA,2024-01-03
1456,Judith Morales,fletcherdawn@smith.net,633.459.5986x5365,New Jeffrey,NH,USA,2022-06-20
1457,Victor Scott,msmith@ford.biz,001-947-649-9138x115,New Dianamouth,HI,USA,2022-06-19
1458,Brenda Walker,brandonrogers@gmail.com,+1-548-904-8754,North Laura,VA,USA,2024-12-02
1459,Kenneth Leon,anthonyday@wong.info,661-420-1865x371,Michaelport,IA,USA,2022-11-29
1460,Mark Phillips,yholt@gmail.com,515-451-8800x08601,South Laurastad,MN,USA,2023-04-25
1461,April Morton,shermanlisa@smith.net,(764)390-5574x31915,Christinechester,RI,USA,2023-07-06
1462,Amanda Schmidt,elizabethyoung@gmail.com,+1-195-540-0102x366,Lisaland,MT,USA,2022-06-11
1463,Melissa Padilla,espinozajesse@davis.com,288.852.4947x2267,Blairmouth,WA,USA,2022-08-14
1464,Reginald Briggs,hillbeverly@yahoo.com,(305)310-5146,North Jasmine,CA,USA,2025-01-31
1465,Juan Greene,jenniferbarrett@fox-taylor.com,314.007.8360x19836,New Pamela,MS,USA,2023-05-07
1466,Jessica Ho,markjohnson@yahoo.com,198-689-2689x67892,Beltranberg,WV,USA,2023-06-25
1467,Randall Baker,greenrobert@moore.info,825-450-9828,South Timothyburgh,VA,USA,2022-06-02
1468,Marcia Rodriguez,brianunderwood@hotmail.com,+1-284-570-8128x637,North Kimberly,AZ,USA,2023-04-02
1469,Nancy Hancock,thompsonjames@hotmail.com,(308)339-0828x929,East Gregory,KS,USA,2024-05-25
1470,Tasha Blankenship,timothyriley@gmail.com,748-334-8330x77449,Lake Brandonhaven,MA,USA,2022-02-06
1471,Monique Stevens,rebeccastevenson@yahoo.com,+1-291-549-2640x8160,Port Jamieville,VT,USA,2024-02-26
1472,John Harris,julie50@hotmail.com,919.556.5794,East Daniellebury,FL,USA,2022-04-13
1473,Melissa Miranda,ashley40@hotmail.com,597.880.3380x840,North Rebecca,NY,USA,2024-02-22
1474,John Santiago,peter23@yahoo.com,(520)625-3797,Nicholsborough,NV,USA,2023-11-13
1475,Bradley Drake,jacobscott@yahoo.com,001-429-349-6116x682,Jenniferchester,TN,USA,2023-02-01
1476,Charles Wright,jacksonjoseph@ortega.com,001-228-093-3525,Kellyborough,WY,USA,2022-07-10
1477,Meghan Price,lwelch@yahoo.com,219.681.3031x604,New Amber,DE,USA,2022-07-23
1478,Sarah Bush,sotosabrina@baldwin.info,5386272378,Lake Angela,CT,USA,2024-02-26
1479,Jeffery Cantu,yroberts@hotmail.com,001-156-352-4283x251,Evanston,VA,USA,2025-01-14
1480,Sarah Chambers,drewprice@mcknight.com,(156)168-5335,Millertown,DC,USA,2024-12-02
1481,Susan Stone,mjackson@serrano-roth.com,004.255.6673,Romeroborough,NC,USA,2024-10-11
1482,Tom Dorsey,vanessaduncan@gmail.com,474.833.6658,Randallburgh,DE,USA,2024-05-05
1483,Victoria Reilly,hawkinskatherine@nelson.com,282.804.6600,South Pamelaville,MI,USA,2022-09-24
1484,Joel Wyatt,afernandez@mcdaniel-brown.com,(232)735-1434x05771,Allenhaven,IA,USA,2024-09-13
1485,Cynthia Huerta,chase04@cross.info,001-701-226-5998x92721,Lake Toddbury,NV,USA,2022-10-17
1486,Dawn Williams,jonesapril@sanchez.org,+1-134-364-7702x69278,Kimberlychester,TX,USA,2024-11-30
1487,Kristen Henry,qjoyce@walters.com,(014)267-2682,New Coryfort,KY,USA,2022-11-02
1488,Patrick Fowler,james56@hotmail.com,470.839.0198,South Christopherborough,IL,USA,2024-11-07
1489,Charles Wilson,heather63@hudson.org,+1-700-458-3640,New Martin,DE,USA,2022-07-30
1490,Amanda Fox,mmarks@clark-lee.biz,(053)443-9261x69849,South Laurachester,CO,USA,2022-12-20
1491,Rebecca Hanna,danielsdouglas@stewart.net,(033)163-2013,East Jonathan,PA,USA,2023-04-22
1492,Paul Dickson,brian71@yahoo.com,(874)254-0813,North Natalieberg,NM,USA,2024-09-06
1493,David Henderson,brittanywagner@white.org,8979959790,Mullinsside,SC,USA,2022-04-06
1494,Barbara Moore,ramseywilliam@gmail.com,(344)768-2160x4497,Owensberg,HI,USA,2025-01-10
1495,Shannon Wilkinson,brenda60@gmail.com,553.232.9703x245,Hoffmanstad,DE,USA,2024-09-10
1496,Lori Joyce,ytaylor@hotmail.com,307-101-5625x5771,West Charlesburgh,VA,USA,2022-03-09
1497,Lauren Fisher,ihansen@johnson.com,001-433-380-6898,East Michelle,GA,USA,2025-01-31
1498,Cynthia Snyder,claytonvanessa@campbell-jones.com,+1-755-485-1183x1094,South Robertmouth,KS,USA,2024-11-15
1499,Stephanie Kerr,kristenhogan@anderson-jensen.com,+1-747-848-3973x6681,Gouldburgh,CT,USA,2024-05-16
1500,Frederick Greene,mark43@green-murray.org,001-962-126-7585x575,East Sandra,NJ,USA,2024-09-28
1501,Laura Kim,joseph42@patterson.net,238.548.5724x57770,Amandamouth,KY,USA,2022-07-11
1502,Diane Curtis,kwilliams@gmail.com,5123871054,Port Cynthiafurt,FL,USA,2023-05-04
1503,Seth Smith MD,gonzalesjay@yahoo.com,001-971-106-6022x784,Tonyland,WY,USA,2024-10-11
1504,Jodi Smith,laurie48@kane.com,992-353-0634x94186,Rogerston,IL,USA,2024-11-22
1505,Dana Torres,cartermatthew@gmail.com,(757)671-7483x10876,Joannabury,AZ,USA,2024-05-07
1506,Jessica Carpenter,bjohnson@simpson.com,0577492439,Bradleyside,NC,USA,2024-10-13
1507,Tony Wells,lindadavis@yahoo.com,771-971-9383x72676,Richardhaven,NY,USA,2024-10-13
1508,Lori Jones,garysmith@yahoo.com,0695898527,New Stacyside,CO,USA,2023-01-12
1509,Jeffery Morris,lwilliams@hotmail.com,001-135-015-6807x547,Michellehaven,WI,USA,2024-03-12
1510,Michael Boyle,callen@yahoo.com,(006)454-2506,Port Geraldmouth,AL,USA,2022-07-09
1511,Philip Sanders,hmejia@gmail.com,758.799.0124,Desireeberg,NJ,USA,2024-05-19
1512,Stephen Ramos,cantrellpaula@yahoo.com,001-389-919-1499,Thomasbury,VT,USA,2022-05-23
1513,Michelle Mendez,dawnanderson@johnston-paul.com,846-988-7513x84630,Annaside,DE,USA,2022-09-24
1514,Susan Owens,mfigueroa@gmail.com,707.570.1931x395,East Michaelside,IA,USA,2022-06-07
1515,Sean Whitehead,virginia07@yang.com,001-732-709-2993x38551,New Judith,ID,USA,2024-12-11
1516,Tiffany Warren,fred20@gonzalez.net,521-337-9965,Lake Jasonburgh,NH,USA,2024-02-04
1517,Donald Patterson,alexisfry@mcdaniel.org,001-659-549-2670,Adamville,OR,USA,2022-02-03
1518,Elizabeth Harris,max31@smith-thomas.net,787.177.7403x6639,North Carlside,LA,USA,2025-01-21
1519,Rhonda Murphy,connor48@hotmail.com,726-205-6574,Port Timothymouth,NY,USA,2022-08-06
1520,Carmen Herman,xmelendez@velasquez.com,428-284-9519x44786,Amystad,VT,USA,2023-11-13
1521,Whitney Michael,joshua92@green.com,(635)002-0195x16256,Timothystad,IA,USA,2022-03-07
1522,Michelle Cook,mhopkins@yahoo.com,001-651-336-0642x952,North Jacobfort,PA,USA,2024-11-16
1523,Janet Ortiz,kathy76@gmail.com,+1-014-270-7477x871,Sarahstad,OR,USA,2024-04-20
1524,Jennifer Williamson,uturner@cunningham-haynes.biz,524.011.3793x9825,Port Angelahaven,NV,USA,2025-01-10
1525,Jonathan Mendoza,angelathompson@gmail.com,001-207-969-8709x6037,South Kathryn,KS,USA,2023-03-31
1526,Rachel Clay,lecarrie@berg.com,928.184.3179x04965,Shawside,OH,USA,2024-12-12
1527,Melanie Mosley,jessica30@james-garza.com,230.969.7177,East Kimstad,SD,USA,2022-11-18
1528,Nathan Mann,brooksjason@kim.com,316.447.1943,Whitneyburgh,IN,USA,2022-04-13
1529,Jeffrey Freeman,kjohnson@gmail.com,(950)457-2124,North Sarahville,MD,USA,2024-08-22
1530,William Nunez,tashahanna@hotmail.com,+1-295-412-7434x37570,Fisherstad,NJ,USA,2024-04-25
1531,Matthew Williams,vbartlett@hotmail.com,300.249.4159x90206,Kristenview,AL,USA,2022-05-12
1532,Kathy Richards,michaelsmith@yahoo.com,187-729-0580x377,Lambertberg,TX,USA,2023-02-14
1533,Aaron Moreno,ehunter@yahoo.com,+1-203-155-0957x05170,East Jonathan,MI,USA,2022-11-03
1534,Kathryn Strickland,brandon26@gmail.com,(558)532-6649x75965,Port Jennifer,OK,USA,2023-05-12
1535,Kristy Obrien,dhiggins@hotmail.com,+1-433-240-9359,West Kathleenhaven,CT,USA,2024-02-08
1536,Caitlin Anderson,mary01@hotmail.com,(580)644-5208x3447,Lawrencefurt,MN,USA,2023-05-18
1537,Sarah Williams,richardhunter@gmail.com,643.597.2384,Combston,CT,USA,2024-09-07
1538,Tina Olson,hickmanjessica@hotmail.com,+1-222-672-4957x80390,Jonathanborough,AZ,USA,2022-05-29
1539,Miguel Torres,laurie33@hotmail.com,+1-193-476-7671,Port Johnburgh,AZ,USA,2023-09-02
1540,Kerry Ferguson,williamwagner@hotmail.com,998.946.4045x6036,Lisaberg,MD,USA,2024-02-06
1541,Jesse Wright,kevin64@hotmail.com,(746)360-2042,Sandersview,HI,USA,2024-01-14
1542,Michael Schwartz,tcook@johnston.com,001-601-177-9231x75103,West Amber,ME,USA,2023-09-22
1543,Destiny Gomez,shelbymorrow@miller.com,(733)135-0286x6457,Stevenview,TX,USA,2023-09-20
1544,Mary Johnson,lauren90@hotmail.com,845-678-9324,Port Joannmouth,LA,USA,2023-06-11
1545,Kayla Snyder,christopher76@wilson.com,897.471.2813x1465,Bentonburgh,CT,USA,2024-01-17
1546,Mitchell Robertson,shane25@barr.com,(720)698-7176x58498,Lake Jill,NC,USA,2022-03-01
1547,Tracy Graham,vnorton@clark.com,(623)241-7603x21288,Edwardland,TN,USA,2024-04-28
1548,Kelly Edwards,justin45@yahoo.com,666.151.0230x81795,Richardport,CO,USA,2022-08-19
1549,Amber Johnson,klinelori@hotmail.com,(054)586-6487x95721,Lake Christopherchester,IN,USA,2022-05-11
1550,John Richardson,rachel73@hotmail.com,775.116.2169,South Jameston,GA,USA,2025-01-16
1551,Erika Miller,clopez@cox.com,782.394.1608,New Stephanietown,OK,USA,2022-10-15
1552,Mr. David Kim,charlesfarrell@martin-thomas.net,662.073.4938,Salasview,OK,USA,2022-05-27
1553,Bruce Avila,timothyhughes@gmail.com,(504)428-7746,West Jonfurt,GA,USA,2023-08-04
1554,Olivia Smith,jordanbarnes@hotmail.com,001-313-900-6765,East Benjamin,WY,USA,2022-03-29
1555,Ryan Watts,debraclark@mills-jones.net,(458)790-8122x1537,Rogerstown,UT,USA,2024-12-12
1556,Jennifer Hernandez,pmitchell@gmail.com,3190673322,New Nicholas,PA,USA,2025-01-12
1557,Renee Rubio,tamara93@yahoo.com,+1-610-434-0022,Hunterfurt,MS,USA,2024-05-02
1558,Laura Moore,hickslisa@yahoo.com,678.388.3333,West Nathanland,NE,USA,2024-10-28
1559,Cory Esparza,umoreno@gmail.com,0517601522,West Chase,OH,USA,2025-01-27
1560,Thomas Simon,halejoseph@gmail.com,+1-299-970-5781x86511,Hubbardville,OK,USA,2022-04-19
1561,Gregory Graham,marynichols@hotmail.com,(282)871-6350,Mccarthystad,MT,USA,2024-01-26
1562,Sonya Evans,acarlson@gmail.com,001-754-947-5943x078,New Marissa,MI,USA,2022-04-01
1563,Jay Shaw,kyle82@gibson.biz,132-372-4006,Salinasberg,AR,USA,2023-03-08
1564,James Wallace,bcruz@moore.com,232.732.6985,Kylestad,FL,USA,2024-09-16
1565,Aaron Bell,john32@camacho-lewis.info,971.001.2777x1290,East Lori,WI,USA,2022-02-21
1566,Jeffrey Jackson,brianhardy@walton.net,869-763-0905,Perezmouth,OR,USA,2024-10-24
1567,Kevin Cole,qaustin@gmail.com,512.974.7756x41261,Williamsstad,OH,USA,2023-10-27
1568,Brandon Collins,yvega@yahoo.com,(992)689-2509x503,North Lisa,CA,USA,2023-03-29
1569,Mrs. Melanie Rojas,westangel@jones.info,402-318-1124,Bauerfort,MT,USA,2024-04-24
1570,John Mitchell,peter55@velez.biz,9136387309,West Alicia,TN,USA,2024-12-11
1571,Harold Pittman,scottdanielle@blackwell.com,001-864-574-2493x639,Mccannfort,DC,USA,2024-03-21
1572,Andrew Haley,loripeterson@lamb-wade.com,658.448.8215,Port Sara,MS,USA,2022-06-01
1573,Jacob Collins,holmesthomas@gmail.com,331.747.0608x81723,Veronicaside,CA,USA,2025-01-25
1574,Tony Miller,andrew51@nunez.info,001-650-738-8928x51480,Kimberlychester,ID,USA,2022-04-06
1575,Melinda Hernandez,burtonstephen@gmail.com,(522)711-9935x8379,Williamsville,CA,USA,2023-04-26
1576,Brittany Mooney,serranochristopher@wilson-hancock.com,+1-548-369-7724x6773,East Catherinestad,AZ,USA,2024-03-13
1577,Jessica Davidson,youngstephen@moore-johnson.com,(876)016-1513,Justinberg,NV,USA,2023-05-29
1578,Kristin Irwin,ubass@ellis.info,001-001-567-0256,Brandonberg,KS,USA,2023-08-07
1579,Robert Carpenter,bishoperica@duncan.info,+1-848-724-8534x97881,Mayfurt,FL,USA,2023-01-01
1580,Jerry Hood,baldwinjasmin@romero-smith.com,001-555-303-7127x8183,New Courtneyshire,GA,USA,2024-05-17
1581,Rebecca Leblanc,angelnewman@baxter.com,001-626-655-0289x4015,Jacobland,VT,USA,2023-07-20
1582,Jacob Salas,zrodriguez@everett.com,001-790-313-0041x2559,North Charlesville,WY,USA,2022-10-02
1583,Jeffrey Owens,ashleypatel@burnett-harris.com,662-283-2469,Rosalesfort,NJ,USA,2024-11-22
1584,Patrick Mason,amymcdaniel@yahoo.com,(719)445-3506,North Raymondfurt,WI,USA,2023-01-09
1585,Lori Davis,uvalencia@martin.biz,(990)972-7215x05252,Sandersstad,OH,USA,2025-01-03
1586,Brian Conner,johnsoncody@gmail.com,+1-302-015-3795x0386,Kruegermouth,NY,USA,2023-02-15
1587,Jennifer Fleming,fkim@gmail.com,277.744.4566,Gutierrezport,MI,USA,2022-06-21
1588,Bobby Fry,heathbrooke@gmail.com,+1-801-184-2142,North Heatherside,IA,USA,2023-10-29
1589,Steven Fowler,amberjones@andrade.com,314-285-3535x1837,Lake Catherine,MD,USA,2023-05-01
1590,Carol Williams,torreselizabeth@owen.com,001-412-267-7361,North Danielleland,MT,USA,2025-01-02
1591,Lisa Watson,mcguireallison@clark-norman.org,+1-040-082-7011,West Kaylabury,WY,USA,2022-02-22
1592,Paul Irwin,christinathomas@gmail.com,0928742827,New Lisa,VA,USA,2024-09-30
1593,Donald Alexander,marquezfrances@gray-mccoy.com,339-644-9702,Flynnfurt,NJ,USA,2023-10-04
1594,Russell Harper,emily31@davis.com,300.813.4362,Lake Feliciamouth,ME,USA,2023-04-30
1595,Kathy Crawford,kbarrett@hotmail.com,+1-675-275-4987x2764,East Ricardo,MI,USA,2023-05-10
1596,Michael Ochoa,ymelendez@gmail.com,900-489-3907x105,West James,AZ,USA,2022-12-22
1597,Timothy Ramos,rachel34@hotmail.com,+1-446-673-6133x2956,Lake Reginamouth,NY,USA,2022-09-27
1598,Jacqueline Jackson,vbrown@gmail.com,8285161967,Henrybury,OK,USA,2024-07-31
1599,Brenda Miller,kristen00@chavez.org,+1-522-954-2645x27133,North Lawrencehaven,AK,USA,2024-04-28
1600,Daniel Butler,vpadilla@gmail.com,+1-617-700-6010,Port Ryanshire,TN,USA,2023-04-30
1601,Juan Parks,jlawrence@yahoo.com,001-127-725-1547x0011,Lake John,WA,USA,2022-06-19
1602,Dr. Lisa Duncan,jonathanbrown@yahoo.com,001-319-222-8777x9797,Lisaside,VT,USA,2023-02-01
1603,Donald Warren,erinmckay@delgado.info,001-876-635-8719x8181,New Jamie,TN,USA,2024-02-20
1604,Timothy Baldwin,carrietaylor@hotmail.com,204-437-5018x925,Blakeville,ME,USA,2023-11-20
1605,Joshua Olsen,amiller@howard-braun.info,079-557-1016,Paigeborough,MT,USA,2022-11-24
1606,Carmen Cunningham,wgordon@hanson.com,+1-566-021-8901,Davidmouth,MA,USA,2024-03-28
1607,Erica Bonilla,whitetiffany@hotmail.com,870-117-5795x672,Shawnaburgh,MS,USA,2023-10-11
1608,Lisa Green,hoodlinda@yahoo.com,+1-079-847-0530,North Andrewhaven,IL,USA,2024-11-14
1609,John Morrison,jessicaevans@hotmail.com,(390)104-9063x56288,Greenport,PA,USA,2022-05-08
1610,Matthew Calderon,epena@gmail.com,001-615-006-0611,Savageland,NY,USA,2024-06-27
1611,Sarah Quinn,dunlapbrandon@yahoo.com,+1-138-349-6935x573,Dustinchester,MA,USA,2023-12-27
1612,Jill Daniels,jamesgreene@hotmail.com,001-291-007-7445x46281,Eduardoshire,ID,USA,2024-12-31
1613,Steven Stokes,markalvarez@hotmail.com,(228)080-3161,Guerrerofurt,NM,USA,2024-12-22
1614,Robert Robinson,rodneygarcia@thompson.info,(749)278-9078x92491,Port Christine,HI,USA,2023-01-25
1615,Carol Dunn,kellyhardy@boyd.com,+1-232-237-5139x1577,New James,RI,USA,2022-05-12
1616,Natasha Brown,kristina25@yahoo.com,029-530-5647x9097,Lake Melissahaven,WV,USA,2022-02-22
1617,Daniel Morris,stephanie61@gmail.com,001-854-054-2247x9042,South Teresashire,NV,USA,2024-04-19
1618,Michael Mendez,clarklisa@ochoa.net,001-054-050-8004x320,East Zacharytown,RI,USA,2022-06-14
1619,Angela Rogers,tyler92@hotmail.com,001-209-481-2887x5239,Charleshaven,TN,USA,2023-01-20
1620,Thomas Walker,garyjohnson@scott.com,974.895.1318x674,Myersburgh,WV,USA,2024-04-10
1621,Bradley Garza,lisa20@yahoo.com,(497)815-4569x26823,New Susanborough,ND,USA,2022-11-16
1622,Anna Higgins,brian44@hotmail.com,+1-303-325-7465x346,Port Jamesberg,AR,USA,2022-03-07
1623,Annette Frost,ruizteresa@yahoo.com,+1-473-631-8276x536,Donaldfurt,SD,USA,2024-01-08
1624,Laura Cabrera,btate@yahoo.com,+1-344-758-0598x049,East Ashleybury,ID,USA,2023-07-23
1625,Kirk Young,beardjoshua@yahoo.com,(990)980-3894,Port Johnmouth,NJ,USA,2024-12-28
1626,Diane Hernandez,nathaniel29@chavez.com,246-308-7864,Lake Samuel,VA,USA,2024-04-09
1627,Paul Morrow,hchapman@delacruz.com,930-460-2682,North Jillianbury,MS,USA,2023-12-07
1628,Andrea Alexander,twilson@walsh-hall.biz,+1-490-592-2067x30863,Port Russell,SD,USA,2023-03-30
1629,Ricky Reed,ngibson@hotmail.com,001-830-118-9056x529,West Tiffany,CA,USA,2024-10-11
1630,Amanda Smith,stephenhobbs@mitchell.net,+1-538-089-9767x87551,South Ian,MS,USA,2024-03-30
1631,Bradley Hughes,jeffreywilson@yahoo.com,001-518-013-4499x46702,New Jaime,DC,USA,2022-08-12
1632,Monique White,qmiller@jones-edwards.net,263-154-4645,Port Amandaberg,WY,USA,2022-06-23
1633,Richard Martin,yleonard@fernandez-gonzalez.com,(089)180-9215,Lake Suzanneborough,MS,USA,2024-03-10
1634,Jennifer Rivera,grayjennifer@hunter.com,+1-034-555-9135x1684,Scottton,OH,USA,2024-04-24
1635,Lance Davis,brownbrittany@flores.net,667-722-0833x5840,Haydenfort,IA,USA,2023-09-21
1636,Savannah Brown,riley58@green.biz,214-839-1971x22852,Toddbury,IL,USA,2022-03-22
1637,Ebony Chavez,mklein@young-sanchez.info,492.180.9101,East Elizabeth,MO,USA,2022-07-16
1638,Joseph Williams,jamesbutler@garcia.net,951-117-5025,Port Ernest,UT,USA,2024-02-08
1639,Melissa Brown,veronica92@yahoo.com,(143)765-9892x9056,Kimberlymouth,UT,USA,2024-09-25
1640,Travis Clements,littlechristopher@greene.info,+1-140-961-6318,East Richard,NY,USA,2024-08-16
1641,Jacqueline Aguirre,matthew60@gmail.com,7475623994,Pagemouth,OK,USA,2023-05-09
1642,Steven Hernandez,michaelhendricks@anderson.com,(937)195-0397,Lake Chelsea,AL,USA,2023-04-08
1643,Justin Ashley,ninaking@brown.org,343-712-5363x7003,Hubbardfurt,SC,USA,2023-07-03
1644,Brandon Berg,edwardgillespie@wright-flores.com,236-616-1585x5993,Port Adam,SD,USA,2024-05-30
1645,Kathleen Andersen,bmann@gmail.com,900.610.4927x5547,Morrisfort,DC,USA,2024-11-03
1646,Raymond James,butlerlaura@long.net,001-307-061-3389x9839,Christinaport,MA,USA,2022-08-05
1647,Gina Ross,imiles@gmail.com,623.048.8013x22535,West Edgar,WY,USA,2024-11-12
1648,James Jones,seth86@white.com,316-447-1941,Carpenterview,RI,USA,2022-04-16
1649,Jessica Rice,harias@yahoo.com,254-904-9750x84441,Nguyenhaven,PA,USA,2023-04-07
1650,Robin Haas,hmathews@smith.org,001-106-118-3710x7626,North Karenhaven,VA,USA,2024-12-18
1651,Craig Powell,skinnerjames@beasley.net,194-655-5198,East Ambershire,FL,USA,2024-09-28
1652,Jason Hodges,jshepherd@hotmail.com,063-833-8614x791,Carlosmouth,FL,USA,2023-12-18
1653,Julian Jackson,murraychristine@gmail.com,+1-938-704-2365x5049,Schwartzport,NC,USA,2022-06-29
1654,Sandra Atkins,cynthiamiller@gmail.com,(109)696-4261,Ingramfort,MS,USA,2025-01-20
1655,Jennifer Smith,matthewfisher@king-gray.com,+1-677-323-6493x422,Johnsonbury,DC,USA,2023-03-09
1656,Cameron Kaiser,cheryl56@gmail.com,+1-118-017-8884x9133,Bartlettchester,CA,USA,2024-07-02
1657,Paul Wilkins,robinsondesiree@bean.org,(498)175-0181x84532,East Nancy,PA,USA,2023-09-29
1658,Lauren Curtis,cortega@russo.info,(050)089-5859x9233,North Matthewberg,NV,USA,2023-07-02
1659,Thomas Cook,david50@yahoo.com,(843)306-4396x3448,Charleschester,AZ,USA,2024-06-17
1660,Daniel Logan,dennis31@cole.com,(557)364-5564,Robertport,MA,USA,2023-10-21
1661,Michael Brown,robin98@yahoo.com,053-017-4771,North Tiffanyland,NJ,USA,2024-12-19
1662,Gabriela Nelson,tiffanylopez@hotmail.com,3838842185,Wardborough,CA,USA,2024-10-18
1663,Jordan Harding,vjames@yahoo.com,9996980248,Taylorside,UT,USA,2022-03-24
1664,Carol Dominguez,rogergomez@hotmail.com,150.212.2304x1434,Maldonadoberg,NE,USA,2024-07-17
1665,Cheryl Farrell,ybryant@young-jennings.org,(893)559-9145,Montgomeryburgh,MD,USA,2023-03-13
1666,Stacey Buck,patrick34@hotmail.com,789.361.3468x98806,South Abigailburgh,OK,USA,2024-09-15
1667,Steven Moran,angelgarcia@lopez.com,(652)681-4026x2733,Palmertown,NY,USA,2023-05-16
1668,Luis Taylor,richardbautista@yahoo.com,463.317.8922x323,Lake Nancyside,WY,USA,2024-05-18
1669,Ryan Dawson,renee35@gmail.com,874-583-6138x793,East Gary,SC,USA,2022-07-25
1670,Beth Collins,joshuahudson@downs-george.info,001-193-690-2226x4209,North Daniel,DE,USA,2024-04-07
1671,Patrick Bishop,brodriguez@wood-swanson.biz,387.099.0436x2713,West Sydney,SC,USA,2024-01-14
1672,Shannon Griffin,adamsemily@reed.org,001-233-316-2800,Gutierrezbury,MI,USA,2023-03-01
1673,Mr. Robert Campbell,davidli@gmail.com,020-842-7125x174,Stephaniefort,MI,USA,2022-12-19
1674,Joseph Ward,nathansimmons@hotmail.com,557.614.5965,West Kevintown,MD,USA,2024-02-17
1675,Laura Craig,william78@hill.com,(461)019-2877x5956,North Brian,CA,USA,2023-09-30
1676,David Shelton,butlerrenee@yahoo.com,1732379692,Allenmouth,CO,USA,2023-11-08
1677,James Williams,hectorkline@yahoo.com,533.089.8253x36070,West Cassandraborough,AK,USA,2024-05-12
1678,Andrew Hartman,paultaylor@yahoo.com,9863849529,Darrellfurt,OK,USA,2024-07-03
1679,Kevin Mckinney,ronald70@hotmail.com,5749938819,New Sheila,GA,USA,2022-08-02
1680,Jose Allen,melissa33@hotmail.com,(039)513-4543x37427,North Thomas,VT,USA,2023-10-21
1681,Melissa Munoz,ocampbell@mills.com,394.367.2498x18401,Rebeccafurt,VT,USA,2024-02-11
1682,Todd Sanders,amber88@hunter-hudson.com,(630)548-4899x57145,New James,OR,USA,2022-06-09
1683,Adrian Stewart,bryanward@douglas.biz,233-450-4163x40139,Donaldburgh,MA,USA,2024-02-03
1684,Laura Gonzalez,dallen@johnson-bradley.com,743-320-9959x0690,Port Caroline,OR,USA,2024-05-28
1685,April Allen,rachel25@peterson-ramirez.com,001-128-955-6133,Josephfort,AR,USA,2023-07-16
1686,Marcia Higgins,denise03@gmail.com,793-787-8643x22278,Davisborough,NC,USA,2024-10-26
1687,Seth Myers,rjones@waller-richmond.net,705-577-7828,Davidhaven,TN,USA,2023-09-22
1688,Christopher Smith,nathan57@gmail.com,805.639.0175x50756,South Lesliemouth,WI,USA,2022-07-28
1689,Ann Warren,aprilsantana@alexander.com,6465658364,South David,IL,USA,2024-08-25
1690,Jacob Johnson,scottwalker@carr-scott.com,001-686-876-6193x5574,West Christopher,IL,USA,2023-03-02
1691,Connie Adams,cmejia@boyd.com,075-539-9663,Karenport,TX,USA,2022-02-15
1692,Julie Johnson,twilson@yahoo.com,001-945-218-1084x320,North Brandonbury,AZ,USA,2022-05-10
1693,Curtis Escobar,leejeremy@yahoo.com,+1-872-967-2707x910,North Mariaton,CA,USA,2024-03-11
1694,Veronica Stewart,jchen@hotmail.com,015.411.7077,Luistown,OR,USA,2022-02-05
1695,Benjamin Cervantes,dean31@gmail.com,+1-731-760-9159x8251,Anthonyfurt,SC,USA,2023-06-01
1696,Mrs. Jennifer Bass MD,jacobhatfield@bryant.com,007-007-8728x537,Lake Ashlee,RI,USA,2023-12-27
1697,Timothy Taylor,garciajoseph@gordon-irwin.com,001-108-822-9476,Clarkview,CA,USA,2022-12-05
1698,Robert Lewis,nataliebates@gmail.com,(479)248-5459x3619,Valeriemouth,AK,USA,2023-08-06
1699,Donna Franklin,graythomas@hotmail.com,(326)868-3303x115,West Christinaborough,CT,USA,2024-07-20
1700,Brent Torres,nicole36@byrd.com,(949)685-3350x9882,Guzmanhaven,OR,USA,2023-12-28
1701,Travis Martinez,noahhernandez@hotmail.com,+1-580-140-0459,Port Jonathan,AL,USA,2022-12-01
1702,Shannon Brown,ppowell@banks.com,332.274.2045,Kerrihaven,AL,USA,2023-06-08
1703,Sean Campbell,daleoliver@dean.com,136-025-1807,Port Laurieland,NY,USA,2024-10-18
1704,Heather Lee,kristingriffin@yahoo.com,+1-559-459-4330,Camposfurt,CT,USA,2023-01-25
1705,Stephen Nash,lance27@gmail.com,860-910-3335x75661,Delgadostad,AK,USA,2023-11-06
1706,Tina Lewis,crichardson@gmail.com,001-255-968-5732x8675,Port Anthonyside,NV,USA,2023-05-26
1707,Leslie Brown,evanschristopher@lopez.org,(704)728-4367x5883,Amberport,ND,USA,2024-05-26
1708,Jessica Martin,phillipsmeagan@hotmail.com,(390)638-6039,North Joyceton,MN,USA,2023-02-25
1709,Robert Fields,amanda30@williams.com,(372)474-6820,Tammystad,NY,USA,2024-11-29
1710,Stacey Richards,wayne61@hotmail.com,(477)786-0202x80521,Cisnerosmouth,RI,USA,2023-12-10
1711,Lindsay Aguilar,jenniferday@bates.biz,001-633-865-4124,Williamsmouth,LA,USA,2022-03-18
1712,David Bennett,evelynmeyers@yahoo.com,341.514.8731x97957,East Dianamouth,ID,USA,2024-09-12
1713,Kara Harrison,youngsteven@pennington.info,001-646-512-5224x1043,Masonland,OH,USA,2022-02-26
1714,Kimberly Campbell,christopher32@hotmail.com,(296)799-6289,South Amanda,OK,USA,2024-10-20
1715,Nicole Nichols,wcortez@yahoo.com,(019)663-0965x697,Lisaberg,WI,USA,2022-10-06
1716,Sheri Murray,gabriela11@moss.info,001-442-882-6261x72629,Darrenshire,DC,USA,2022-07-31
1717,Emily Rodriguez,fvazquez@abbott-sullivan.net,489.962.5962,Beckyshire,ND,USA,2022-11-03
1718,Monique Meyer,anthonyjones@yahoo.com,914.691.3374,Port Ricardo,AR,USA,2022-05-25
1719,Lisa Arnold,jmacias@hotmail.com,(970)342-8257,Port Kellyview,MS,USA,2024-10-12
1720,Courtney Atkinson,hernandezrick@yahoo.com,052-170-5379x97638,Carterside,MT,USA,2023-04-19
1721,Mary Green,danielsmith@mack.com,1257483751,Lake Patriciamouth,ND,USA,2022-04-09
1722,Christine Clarke,jacquelinecline@caldwell.com,459-540-1219x75797,Cathyberg,NM,USA,2023-07-05
1723,Sarah Dixon,penadavid@yahoo.com,085-902-6764x018,East Jose,OK,USA,2024-06-12
1724,Courtney Fisher,alicia73@smith.com,829.382.5965x117,West Jenniferview,KY,USA,2022-03-27
1725,Brian Foster DVM,dale67@yahoo.com,+1-657-653-3665x8904,South David,AL,USA,2024-03-15
1726,Derrick Evans,jessewheeler@kelley.com,+1-984-300-1087x0557,Villarrealland,NV,USA,2023-05-31
1727,John Swanson,ryan13@martinez.com,1560522438,Mcdonaldburgh,ND,USA,2022-06-03
1728,Elizabeth Dillon,ismith@cunningham.org,+1-673-478-9307x718,Hallside,MA,USA,2025-01-04
1729,Cynthia Davis,johnsonsarah@cummings-johnson.com,3354786362,Medinahaven,HI,USA,2023-05-06
1730,Gregory Moore,cmayer@perry.info,386.776.6798,Rachelport,CT,USA,2023-02-02
1731,Martin Torres,jasonmorris@hotmail.com,+1-253-029-6787x37078,Staceyport,TN,USA,2022-04-14
1732,Tracy Drake,davidkline@carpenter-kent.org,001-194-037-7090x279,Rodriguezberg,KS,USA,2023-07-31
1733,Cody Gonzalez,baxterbrian@gmail.com,001-908-744-6660x890,Port Ashleyville,CA,USA,2023-05-10
1734,Katrina Bryant,amanda15@gmail.com,(030)039-0573x4668,West Rosemouth,RI,USA,2023-07-15
1735,Kathryn Martin,alexisfreeman@yahoo.com,205-798-9503x9115,Aprilton,MN,USA,2024-02-12
1736,Jennifer Conley,qmartinez@james.com,(427)597-9124x58292,Lake Stevenborough,MS,USA,2024-12-31
1737,Manuel Sullivan,stacy09@martin-wallace.org,+1-547-521-8968x02109,Kathrynton,HI,USA,2023-12-02
1738,Deanna Durham,jdelacruz@hotmail.com,413.545.2750,North Heather,ID,USA,2022-05-18
1739,Taylor Burch,nmurphy@reese-page.biz,+1-263-999-1167,Michaelstad,MA,USA,2023-09-23
1740,Robert Sawyer,ericbrown@mata.com,0880800359,Scottfort,AK,USA,2022-09-06
1741,Michael Shields,zvaughn@hotmail.com,(527)489-0408x941,Charlesmouth,UT,USA,2022-07-12
1742,Luis Ruiz,huertaerica@yahoo.com,+1-481-874-9227x9991,Brittanyport,UT,USA,2023-12-22
1743,Chase Moore,jake28@yahoo.com,182-986-2215,Lake Davidhaven,MI,USA,2024-11-20
1744,Carmen Thomas,charleslane@gmail.com,001-897-619-7236x2148,South Joseph,MT,USA,2022-03-29
1745,Troy West,mfernandez@yahoo.com,001-245-992-3978x129,South Lindseyville,NH,USA,2024-08-22
1746,Benjamin Brennan,joseph61@perry.com,001-436-889-1204,Christianborough,GA,USA,2023-09-28
1747,Amanda Leonard,qharmon@williams.com,+1-474-282-9684,Port Dakota,AL,USA,2023-02-22
1748,Jason Gonzales,frazierjessica@hotmail.com,146-172-6297x6152,Port Kimberlyhaven,MO,USA,2024-05-17
1749,Martin Harrison,kerri80@hogan-serrano.com,001-911-538-8083x3488,Chenhaven,NC,USA,2023-07-21
1750,Patrick Dominguez,richard60@wells.com,(390)807-5985x0465,East Kimberly,CT,USA,2022-11-21
1751,Tiffany Miller,stevewhite@wilson.com,+1-491-174-3112x9134,Judithton,OR,USA,2022-04-01
1752,Robert Stewart,tammy79@gmail.com,001-769-941-9766,Port Shellychester,MI,USA,2022-06-23
1753,Calvin Fletcher,sarah95@hotmail.com,480-577-9527x5613,Davidbury,NM,USA,2023-03-01
1754,Crystal Miller,tammysmith@gmail.com,721.342.7142x8206,Kingshire,DE,USA,2024-03-19
1755,Daniel Simon,dalexander@yahoo.com,(027)828-0912x099,Troyside,WV,USA,2024-02-19
1756,Hunter Thompson,kimberlybrooks@cohen.biz,9439203855,West Codychester,VA,USA,2022-05-09
1757,John Brown,david87@lawson-greene.com,4678153352,Jeremymouth,VT,USA,2023-01-13
1758,Katrina Harper,ybaker@marquez.com,+1-048-268-4939x678,New Rebekahton,WY,USA,2022-08-07
1759,Jill Ortiz,brianschultz@gibson.com,944.706.2821x24943,Port Michael,UT,USA,2022-03-19
1760,Travis Hart,george18@yahoo.com,2416042593,Wilsonville,CT,USA,2024-01-21
1761,Anna Malone,andreamorse@gmail.com,379.395.3523x497,New Deannatown,WA,USA,2022-04-09
1762,Nicole Wilkerson,rhondacarter@turner.org,365-123-8897,South Laura,MN,USA,2024-08-05
1763,Alan Gardner,rhonda17@hammond.com,(241)476-9556,Elizabethmouth,WY,USA,2023-07-15
1764,Blake Bates,gonzaleskathryn@gmail.com,001-026-881-4343x433,Joshuashire,MN,USA,2024-01-31
1765,Jeffrey Kaiser,vincentmichael@ramirez.com,001-561-879-4118x541,Christinaside,MN,USA,2024-07-10
1766,Craig Gonzalez,dawngonzalez@gmail.com,615-072-3645x22421,Shannonberg,HI,USA,2022-05-02
1767,Roger Roberts,rosejesse@gmail.com,+1-078-277-3127x023,Carterfort,KY,USA,2025-01-01
1768,Michael Murray,theresa05@harvey.com,001-922-553-2843x3847,North Amanda,LA,USA,2024-02-09
1769,John Jacobson,michael40@hotmail.com,2171214014,Beardburgh,HI,USA,2023-08-22
1770,Daisy Quinn,debra68@smith.com,001-894-884-4899x7675,Port Christopher,TX,USA,2022-08-17
1771,Katrina Goodman,chris41@hotmail.com,594.812.3900,West Crystal,IN,USA,2022-08-17
1772,Nicole Davis,wspencer@miller.com,(320)518-0475x12675,Teresahaven,SD,USA,2022-06-24
1773,Leah Sandoval,eric92@gmail.com,001-525-200-9769x5133,West Williamfurt,MO,USA,2022-02-05
1774,Stephanie Stokes,johncaldwell@haynes.net,001-166-675-5628x843,Christinatown,AR,USA,2023-02-14
1775,David Whitney,kimberlybrown@castro-caldwell.com,3927411097,Browningburgh,GA,USA,2022-10-12
1776,Heidi Shannon,vsmith@hotmail.com,213.350.5766x84904,South Summer,OH,USA,2024-11-25
1777,Edward Howard DDS,fdunn@fuller.net,863-547-9626x8645,Port Matthewfurt,DC,USA,2022-05-29
1778,Erin Carlson,haneygrace@benton-foster.com,976-957-6890,Mossport,ND,USA,2024-08-26
1779,Brian Robinson,blopez@gmail.com,+1-681-080-4341x67841,Potterbury,MA,USA,2022-06-12
1780,Patricia Bell,rflynn@davenport.com,001-468-341-2992,New Larry,NC,USA,2024-12-15
1781,Stephanie Bean,ramosryan@gordon-jones.com,7416983489,Oliviafort,AZ,USA,2023-09-06
1782,Jordan Wise,briangalloway@sanchez-bridges.com,996-008-0418x31617,Owenmouth,NH,USA,2024-08-28
1783,Matthew Acosta,kenneth66@santos.com,117-844-5940x9946,New Matthew,RI,USA,2022-11-04
1784,Madison Vazquez,josephmyers@garcia.org,001-536-745-8768,East Laura,DE,USA,2023-10-06
1785,Dr. Jessica Powers,butlerjoy@cantu.info,(759)593-6487x07361,West Judithfort,WY,USA,2023-03-11
1786,Adrian Moore,durangregory@gmail.com,(275)464-5974,Laurenburgh,ME,USA,2023-07-24
1787,Brandy Walker,nathanwilliams@ramirez.com,(805)804-7008x44937,Thorntonport,LA,USA,2024-11-12
1788,Nicole Bryant,shelleyford@yahoo.com,(673)037-2080,East Krystal,KY,USA,2024-01-09
1789,Amy Mccoy,shawn32@black.com,443.982.4512x2448,Kevinfort,MS,USA,2024-03-14
1790,James Proctor,adrianmcdonald@yahoo.com,5988211330,West Kathryn,AR,USA,2025-01-07
1791,Teresa Martin DDS,lwhite@barnes.com,+1-174-333-1517x5356,Port Bradley,OH,USA,2023-03-20
1792,Patrick Sims,michaelrangel@hotmail.com,030-806-8913,Stanleyside,MO,USA,2023-02-02
1793,Sean Taylor,michelle93@gmail.com,125.925.2743,Estradashire,MT,USA,2024-05-28
1794,Jack Hall,anthonyarnold@gmail.com,001-098-371-1878x128,Charlesland,NE,USA,2024-05-07
1795,John Smith,cobbricardo@yahoo.com,659.120.6964,Jonton,TN,USA,2022-08-13
1796,Daniel Henderson,lukecox@francis.com,492-803-9718x061,Christineview,KS,USA,2022-08-06
1797,Tammy Woods,sanchezamy@yahoo.com,5455254987,Jimenezhaven,RI,USA,2023-09-24
1798,Kenneth Richards,debbiemitchell@gmail.com,848-899-9486x49992,North Christine,NJ,USA,2022-06-20
1799,Robert Thomas,bbridges@green-gonzales.com,917.550.7967,Douglasstad,GA,USA,2024-06-11
1800,Gwendolyn Hurley,punderwood@gmail.com,+1-858-201-2418,Nicholeville,WY,USA,2024-04-25
1801,Melanie Jones,mary84@gould.com,001-023-161-4921x076,Grossport,OR,USA,2022-04-01
1802,Robert Sloan,annparker@campos.biz,(896)187-3312,Tonytown,CO,USA,2022-02-12
1803,Brian Manning,lowerachael@boyle-hines.net,(085)176-9850,Port Thomasville,CT,USA,2022-08-02
1804,John Ward,phunter@gmail.com,302-168-6625,Kennethbury,NJ,USA,2023-06-16
1805,Mr. Gregg Morgan DDS,smithamy@warren.com,(145)781-5181,East Alisonhaven,CT,USA,2023-09-29
1806,Jamie Fleming,yolandawalker@sandoval-walls.com,214-218-0304x804,New Elizabeth,SD,USA,2024-01-23
1807,David Hansen,richardjoseph@yahoo.com,808.737.4245,Johnsonstad,WI,USA,2024-11-06
1808,Christine Coleman,margaret35@yahoo.com,(026)168-4055,Frostchester,AZ,USA,2022-05-31
1809,Andrew Swanson,erikajackson@dennis.com,(262)964-8221x114,West Tara,NJ,USA,2022-05-09
1810,Lauren Pham,campbellkaren@yahoo.com,393-272-0461,Robertsborough,DC,USA,2023-04-03
1811,Logan Ross,lonniebond@mcbride.biz,001-923-674-2177x68449,South Christopher,SC,USA,2022-08-09
1812,Steven Brewer,jdennis@hotmail.com,421-880-0542x46385,North Timothyberg,MO,USA,2024-10-30
1813,Krista Harris,briannabell@yahoo.com,542.594.0815,New Samanthaland,LA,USA,2024-04-24
1814,Amanda Fleming,rodriguezstacey@johns-mcintyre.biz,001-264-597-9718x480,Jonestown,LA,USA,2025-01-27
1815,Angela Blair,victoria36@gordon.net,(932)388-6071,Douglasshire,WY,USA,2024-10-22
1816,Michael Ramsey,zimmermanmark@ballard.biz,4888194546,North Samanthamouth,MO,USA,2022-11-21
1817,Leslie Dudley,ipeters@yahoo.com,001-600-282-2572,New Philip,AR,USA,2022-08-10
1818,Stephen King,mlarson@turner.com,+1-030-052-8721x823,East Melissabury,MS,USA,2022-06-04
1819,Angela Gonzalez,emilycooper@yahoo.com,+1-090-625-7022,New Brandonmouth,MS,USA,2023-03-26
1820,Martin Lee,esanders@taylor.org,464.891.0224x3602,Brianfort,DC,USA,2023-01-25
1821,Jennifer Barry,brett34@gmail.com,(997)367-7894,Shellyhaven,IL,USA,2024-09-19
1822,Dawn Ball,greenematthew@terry.com,001-784-013-3608x361,Reedside,VT,USA,2023-06-12
1823,Edward Nichols,hstokes@gmail.com,(379)267-8462,North Virginia,MO,USA,2023-12-13
1824,Jonathon Scott,ocastro@yahoo.com,(384)609-3661x57647,Port Shaneburgh,ME,USA,2024-05-16
1825,Lance Smith,wgomez@hotmail.com,543.775.9922,Cindyton,NE,USA,2024-07-29
1826,James Duncan,lmartin@norris.biz,(588)693-0854x11118,Rodneyton,DC,USA,2022-11-13
1827,John Gibson,terrijohnson@smith-barnett.com,315.323.1026,Wheelerview,MI,USA,2024-03-22
1828,Danielle Leonard,joncosta@thomas-murphy.net,+1-014-228-7019x5124,South Loriberg,WA,USA,2022-12-29
1829,Elizabeth Porter,brandongarner@hotmail.com,623.277.1622x1093,Ellishaven,NC,USA,2022-08-16
1830,Betty Adams,qhernandez@rodriguez.net,729-177-5066,Lake Jonathan,MN,USA,2023-09-09
1831,Christopher Moore,johntucker@yahoo.com,454.782.4531x1619,Fuentesside,NJ,USA,2022-05-23
1832,Kimberly Watkins,hguzman@gmail.com,(329)689-3890x0874,Johnton,DC,USA,2024-05-15
1833,Kenneth Suarez,cdavis@fernandez.org,956.833.8907x7495,North Amber,WA,USA,2022-08-21
1834,Nicolas Osborne,jennifer66@zimmerman.org,001-189-636-4567x205,Lake Jeff,CA,USA,2022-03-14
1835,Kara Haynes,john77@randall-edwards.com,001-203-439-9694x27987,Lake Nicoleberg,MI,USA,2024-07-27
1836,Aaron Reese,tanner64@harris.com,169.171.3827x62129,Sandraside,VA,USA,2023-04-05
1837,Eugene Mercado,davischelsea@franklin.com,403.109.1963,Karenberg,MI,USA,2023-11-01
1838,Shane Stanley,zriley@miller.org,(001)751-0323,Stewarthaven,TN,USA,2022-07-29
1839,Lindsey Mejia,paul21@gmail.com,035.906.5621,Kristenfort,VA,USA,2022-08-27
1840,Luke Anderson,michael14@cooper.com,(855)514-4880x251,Farrelltown,IN,USA,2024-04-10
1841,Nathan Garcia,andrewschneider@yahoo.com,+1-168-900-2306x332,North Rachelstad,OK,USA,2023-08-13
1842,Sean Bailey,jordanjohn@hotmail.com,233.709.0887,Nelsonport,AZ,USA,2023-07-17
1843,Anthony Mckenzie MD,katiesmith@turner.com,(518)441-9127x5052,West Jenniferchester,IL,USA,2024-11-18
1844,Christina Smith,deniserogers@gmail.com,5311836897,Farrellland,HI,USA,2022-10-11
1845,Deanna Patterson,wesleygray@rivera.info,479-068-6428,Romeroburgh,DE,USA,2023-02-21
1846,Sean Reyes,raymondespinoza@hotmail.com,228-299-9511x811,South Susan,MA,USA,2025-01-21
1847,Micheal Cantu,emma36@hotmail.com,879.670.0627,South Tiffanymouth,CA,USA,2023-09-27
1848,David Rodriguez,pshepard@mcintosh-white.biz,001-352-451-5787x85824,West Jameston,AK,USA,2022-09-07
1849,William Munoz,amanda90@hotmail.com,063-424-7348x601,Churchfort,KY,USA,2024-05-15
1850,Sara Graves,mmason@fuentes.com,273-448-3889,Emilyport,WV,USA,2024-12-22
1851,Denise Rodriguez,josephsmith@martin.biz,001-343-449-0902x1087,Ryanshire,UT,USA,2024-02-12
1852,Sherri Flores,iramirez@gmail.com,+1-186-465-0269x9452,South Michaelborough,SD,USA,2024-07-18
1853,Margaret Horne,travisrobbins@yahoo.com,+1-287-429-4436x999,Stephenberg,NC,USA,2024-10-20
1854,David Duncan,jessica00@flores.info,001-559-924-3986x368,East Curtisfurt,CT,USA,2022-02-05
1855,Nathan Lewis,houstonjoan@robinson-pruitt.org,471.815.0911,Websterstad,AZ,USA,2023-09-16
1856,Daniel Martinez,bridgestammy@klein-green.com,+1-934-905-5110x50608,Davidville,MO,USA,2024-06-05
1857,Brandon Fox,combssusan@mitchell-martinez.org,180-770-9459,Michaelville,WA,USA,2023-09-26
1858,Andrew Smith,billy35@gmail.com,+1-462-524-3240x674,West Jacobport,FL,USA,2024-06-12
1859,Hannah Miller,ydaniels@moyer.com,001-435-044-7610,Jonathanside,VT,USA,2024-07-26
1860,Elizabeth Hunter,daisythornton@hotmail.com,+1-408-449-7378x7535,New Andrea,WV,USA,2024-02-19
1861,Sarah Estes,teresa96@george-evans.com,+1-631-344-0053x91583,Brendaborough,UT,USA,2023-12-10
1862,Denise Maldonado,richardsonheather@yahoo.com,(435)610-0379,East Haydenville,WI,USA,2022-10-07
1863,Barbara Guerrero,veronica18@yahoo.com,066-800-5447,Port James,NH,USA,2024-08-22
1864,Natasha Ortiz,phyllisbriggs@walker.info,(579)294-6231,Nicolestad,FL,USA,2024-09-23
1865,Maria Scott,jorgenelson@hotmail.com,(255)413-0464x7789,Jeanton,MT,USA,2023-08-14
1866,Monica Romero,rachel54@hotmail.com,(091)085-4498x61035,North Michelle,WI,USA,2024-03-08
1867,Gary Mosley,jacksonchristopher@johnson-hall.com,001-407-681-0690,New Ryanview,CO,USA,2022-06-04
1868,Kelly Myers,ferrellcarla@cook.com,839-887-5467,West Chris,KY,USA,2023-09-01
1869,Daniel Ray,angela37@hotmail.com,(161)614-8635x200,Jonesview,SD,USA,2022-03-01
1870,Michael Decker,ashleythornton@gmail.com,(561)220-1993x576,Port Susan,IA,USA,2022-04-02
1871,Marcus Wise,vickihall@gmail.com,655-753-7872,Michellefurt,WA,USA,2022-05-07
1872,Erika Edwards,whitesavannah@goodwin-hall.org,001-941-768-3609x61143,Younghaven,OK,USA,2024-01-12
1873,Lauren Harvey,brendadavis@wells.com,843-429-4311x5012,South Timothymouth,MD,USA,2024-10-22
1874,William Hernandez,scottcurry@johnson-salazar.com,661.925.1905,Lake Aaronmouth,MT,USA,2023-11-27
1875,Tamara Ward,iwhite@bernard.com,001-232-577-9094,Lindseytown,AR,USA,2023-04-19
1876,Isaac Zuniga,michael78@gmail.com,964.604.6603,East Kenneth,WV,USA,2023-08-31
1877,Steven Taylor MD,maryodonnell@salazar.com,276.979.1648x19075,Justinchester,AK,USA,2024-12-15
1878,Kathryn Murray,velasquezjacqueline@matthews.com,960.687.3957,West Michael,PA,USA,2023-11-03
1879,Joy Cruz,ryanwhitehead@sanchez.com,068-453-4862x9509,Turnerburgh,DC,USA,2022-02-18
1880,Darin Morgan,crawfordjulia@yahoo.com,068-833-3641x30197,Butlerfort,AL,USA,2024-03-19
1881,Gary Williams,vmoore@yahoo.com,542-557-6887,West Michael,AL,USA,2023-10-20
1882,Felicia Leblanc,mary01@yahoo.com,744.930.6471x5776,Katherineview,DE,USA,2025-01-13
1883,Adrian Davis,emilyballard@blankenship.com,(998)601-2918x64867,West Jocelynland,NV,USA,2024-11-20
1884,Brittney Martinez,ericksondavid@hotmail.com,+1-454-900-4527,Woodborough,NJ,USA,2023-07-29
1885,Amanda Miller,mwoods@gray.biz,501-413-3834,West Beth,DE,USA,2022-03-22
1886,Matthew Fisher,erin51@yahoo.com,872-218-4158x55096,Joyceberg,NH,USA,2024-02-21
1887,Jessica Cook,marshalljames@gmail.com,581-415-2658x025,Kathrynburgh,RI,USA,2023-12-03
1888,Rachel Marks,ryanwright@thomas-simmons.com,422.657.9158x750,West Lori,WY,USA,2024-05-18
1889,Cindy Jordan,hollylewis@yahoo.com,(808)888-8290,Middletonstad,NM,USA,2022-11-20
1890,Sheryl Rodriguez,ebenson@gmail.com,+1-263-704-5863,Blakestad,DC,USA,2023-01-25
1891,Lisa Pratt,caleb18@lopez-walters.com,6971320346,New Carl,CO,USA,2025-01-31
1892,Donald Burns,ojames@hotmail.com,257-378-9937x90231,Port Alexandraport,MO,USA,2024-07-24
1893,Kelly Brown,jpacheco@yahoo.com,7269497445,Dorisport,CA,USA,2022-03-23
1894,Jenna Martinez,alyssa69@hall.com,311-852-3142,Allentown,IL,USA,2022-12-11
1895,Benjamin Bishop,bsimpson@williams-anderson.com,+1-119-923-2431x835,East Alyssaport,TN,USA,2024-04-06
1896,John Wallace,jhuang@yahoo.com,001-864-444-3325x70651,Wesleytown,WA,USA,2023-06-11
1897,Eddie Sullivan,dadams@middleton-lane.info,372-550-4066,Salazarchester,ND,USA,2023-05-12
1898,John Taylor,john18@gmail.com,+1-320-046-1698,East Suzanneborough,CT,USA,2022-10-20
1899,Martha Cameron,joshua01@yahoo.com,091-134-5856x134,Howardstad,HI,USA,2024-02-24
1900,Jason Williams,hernandezkevin@gmail.com,(699)243-8980x16701,New Danielle,WA,USA,2022-09-28
1901,Leah Gaines,iallen@yahoo.com,(695)947-5064,Ryanborough,IA,USA,2024-04-30
1902,Jackson Rios,mjoseph@martin.org,049.271.9079x31509,Fosterfurt,IA,USA,2022-12-26
1903,Sherri Webster,lauradouglas@jones-stokes.biz,(909)436-2431,Randyhaven,NM,USA,2022-12-09
1904,Andrew Fox,andrew83@yahoo.com,001-693-178-8066x447,Sharpborough,OH,USA,2022-02-02
1905,Joseph Nelson,helenbriggs@marshall.com,089.188.1527x11474,West Shannon,SC,USA,2023-06-04
1906,Aaron Carson,rgilmore@frey.info,(558)282-4782x89781,East Jimmy,CA,USA,2024-05-28
1907,John Martinez,carlamitchell@gmail.com,022-296-4008x2410,Kyleport,CA,USA,2023-04-04
1908,Brittany Mcintosh,mclaughlinjessica@murphy-jackson.com,142-391-5438x5465,Lake Todd,OH,USA,2023-09-12
1909,Lisa Ewing,michaelzimmerman@yahoo.com,(290)839-7317,East Danielmouth,SD,USA,2022-08-15
1910,Meredith Boyd,suttonsarah@yahoo.com,728.059.4184x59848,New Barbarastad,SD,USA,2023-09-24
1911,Sara Ramirez,epham@castro.info,+1-365-068-1573x909,Daisyhaven,MO,USA,2024-09-15
1912,Michael Ford MD,john53@yahoo.com,+1-026-144-0723x97485,Lake Barbara,SD,USA,2025-01-08
1913,Lauren Farrell,csimon@murphy.org,499.323.9410,East Rogerchester,GA,USA,2023-07-11
1914,Jennifer Clark,sjones@taylor.biz,295-289-2847x5401,Heatherland,TN,USA,2022-03-18
1915,Chelsea Parker,kimberlypowell@cook.com,001-482-007-4155x729,East Marissamouth,MN,USA,2022-04-24
1916,Gary Vance,brookschristine@roberts.com,001-708-738-0488x32367,Moorehaven,KY,USA,2024-01-17
1917,Kathy Bryant,gary59@walsh.biz,361-490-5222x1021,Oliviaburgh,PA,USA,2024-11-03
1918,Brian Perkins,melissa01@gmail.com,228.010.1998,Erinside,OK,USA,2023-03-30
1919,Jonathan Roberts,obriencarlos@hamilton.net,693-827-6593x9053,Crosbyport,IL,USA,2024-03-02
1920,Kerri Arnold,xjohnson@brewer-thomas.org,422-428-7218,Mathewchester,NM,USA,2025-01-15
1921,Craig Montgomery,curtislittle@pitts.com,0148851082,Michaeltown,RI,USA,2022-04-23
1922,Jennifer Lee,vsolomon@vargas-mejia.com,115.765.0333x854,North Andrew,TN,USA,2023-06-07
1923,Mary Hayden,wmoore@hernandez.com,542-554-7280x8708,West Amberville,SC,USA,2025-01-08
1924,David Romero,zhale@hotmail.com,696-266-4773,Port Veronica,TN,USA,2023-01-12
1925,Paul Allen,david22@martin.com,(768)516-3062,New Danielview,AL,USA,2023-02-27
1926,Anna Lopez,amanda20@gomez.biz,001-179-299-2492x740,Barbaramouth,NH,USA,2024-07-26
1927,Michael Gonzalez,omclaughlin@odonnell-woods.com,(505)183-0977,East Stephaniemouth,NJ,USA,2023-11-10
1928,Karen Mclaughlin,charlesrobles@yahoo.com,001-640-296-7962x55634,Timothyborough,AL,USA,2024-04-05
1929,Matthew Robinson,wendymiller@gmail.com,077-878-2417,South Stephaniemouth,ND,USA,2023-09-26
1930,Mr. Alan Watts,ashley55@rose-moore.com,001-617-910-1922x4232,North Benjamin,SC,USA,2023-12-09
1931,Kyle Simpson,donna11@hotmail.com,001-346-469-7589x65157,Johnmouth,NC,USA,2024-09-26
1932,Ashley Lindsey,jason51@barker-walsh.com,+1-260-287-3475x738,Moorestad,WV,USA,2022-09-27
1933,Seth Murphy,jamesayala@hudson.com,735-845-0732,North Kellymouth,PA,USA,2024-02-04
1934,Katherine Hall,johnstondennis@king-jordan.com,+1-806-041-9368,Josephchester,HI,USA,2024-11-19
1935,Barbara Ellis,roysmall@cook-hernandez.org,001-054-094-6974x3521,South Alishafort,OR,USA,2024-12-24
1936,Ethan Leblanc,luiswatson@watkins-freeman.org,+1-001-176-5625,Richardbury,WY,USA,2023-01-01
1937,Sharon White,adavis@levy.net,001-426-471-2292x3250,Kristineton,WA,USA,2024-12-26
1938,William Pierce,courtneyfarley@yahoo.com,(023)017-3665x116,Lake Heathermouth,KS,USA,2024-02-15
1939,Edwin Turner,vharvey@sullivan.org,+1-396-238-6778x2846,Friedmantown,AL,USA,2023-09-18
1940,Lori Rojas,robert76@hotmail.com,335-340-5776x82644,East Thomasburgh,AZ,USA,2022-10-01
1941,Richard Huber,lauren60@yahoo.com,4340233342,Dominguezfurt,AR,USA,2022-02-18
1942,David Benson,bradfordsteven@higgins.net,001-657-847-8669x3219,Benjaminfurt,FL,USA,2024-03-16
1943,William Allen,ycruz@gmail.com,+1-923-335-0148x42370,East Nathaniel,AL,USA,2024-08-25
1944,Kenneth Fox,kevinlee@hotmail.com,(027)815-1748,New Cherylport,NC,USA,2022-02-17
1945,Amber Frye,xowens@ortiz.info,461-450-2868,Normaland,NJ,USA,2022-04-28
1946,Lisa Irwin,travismooney@gmail.com,258-496-8256,Watsonland,NH,USA,2024-06-17
1947,Gloria Gibson,yspencer@garcia-rose.com,2268359536,East Matthew,OR,USA,2023-12-02
1948,Ariana Melton,michael49@hotmail.com,(586)460-1903,South Richardville,NM,USA,2024-03-06
1949,Courtney Jones,fmurphy@hotmail.com,053-622-4647x196,West Jose,NJ,USA,2023-03-07
1950,Katrina Lamb,christina39@gmail.com,912-789-8609x620,Haleyfurt,DC,USA,2023-12-31
1951,Alexa Reyes,jennifer37@yahoo.com,306-789-7165,Port Lisamouth,HI,USA,2024-06-14
1952,Laura Ray,davilamonica@gmail.com,(446)394-6736x534,Warnermouth,UT,USA,2022-10-30
1953,Victoria Peterson,ynelson@hotmail.com,807.824.2575x96834,New Wesley,VA,USA,2022-10-31
1954,Steven Lawrence,hsmith@bates.com,001-790-765-0798x8600,Brianchester,DE,USA,2022-02-22
1955,Jeffrey Anderson,mjones@santiago.com,973-757-3943x56734,Grossmouth,CO,USA,2025-01-29
1956,Katrina Torres,mooneypamela@thompson-proctor.info,777.462.9013,North Meganshire,MD,USA,2023-06-03
1957,Melinda Maldonado,jmckay@marshall.info,(581)733-7319x153,Port Juliaberg,NV,USA,2023-05-03
1958,Taylor Hunt,karimartin@yahoo.com,536-155-5867,South Joseport,CO,USA,2024-02-06
1959,Kenneth Sanchez,stanley79@henry.info,0489271289,East Emilymouth,SD,USA,2022-09-16
1960,Rachel Long,wendy58@gmail.com,001-445-117-8844x1663,Copelandview,WI,USA,2024-12-05
1961,Scott Leon,jody44@castillo-hayes.com,701.800.5930x2505,Jenniferchester,NC,USA,2024-09-11
1962,Jessica Castillo,porterjillian@garcia.com,3891111476,Leeside,NV,USA,2022-12-06
1963,Michelle Torres,hartmanwanda@hotmail.com,633.168.0430x605,Amandashire,AK,USA,2023-05-01
1964,Adrian Savage,smithkayla@gmail.com,494-617-4363x832,Kennethbury,AK,USA,2025-01-21
1965,Jeffrey Wood,bakerbradley@hotmail.com,483.248.1968x6424,Troyburgh,MT,USA,2023-04-05
1966,Tracy Dominguez,julia36@lester.com,624.214.3080,Christyborough,IN,USA,2022-09-22
1967,Taylor Thompson,idixon@hotmail.com,912-126-6538x806,Haasburgh,MN,USA,2022-05-10
1968,Sherry Patterson,kimberlywilliams@hernandez.biz,+1-934-478-3911,Kevinland,TX,USA,2022-06-09
1969,Alicia Jordan,michele23@yahoo.com,358.055.7229x494,New Brandon,TN,USA,2025-01-26
1970,Keith Fleming,lauren78@anderson-knox.biz,650.150.9406x58758,Cristianside,ME,USA,2022-11-02
1971,Jeff Andrade,haynesperry@henderson.info,402.545.8615,Christopherfurt,VT,USA,2022-05-07
1972,Danielle Martin,larryscott@singleton.com,065-860-2062,Kristenborough,MA,USA,2022-08-01
1973,Ariel Morrison,jmelton@gmail.com,(428)107-4908x50649,Johnsonchester,HI,USA,2024-04-28
1974,Megan Ryan DVM,joselee@watson.com,(974)113-5144x76339,Port Rebecca,ME,USA,2022-03-05
1975,Anna Mason,francis23@yahoo.com,001-407-113-0537x56644,New Ashleyberg,WI,USA,2024-05-31
1976,Max Valentine,melissa76@gmail.com,183.987.4311x18987,Moonhaven,WI,USA,2023-10-02
1977,Drew Vincent,hornetimothy@hotmail.com,847-150-0849,Huynhtown,NE,USA,2024-03-09
1978,Darin Miller,klawrence@yahoo.com,+1-918-613-4803,Mooreport,SC,USA,2022-11-02
1979,Erin Gardner,douglasharrington@hotmail.com,0974733920,Laurenton,ME,USA,2023-02-08
1980,Michael Rogers,williamsmelissa@romero.com,(253)941-8160,Port Cindy,OK,USA,2023-01-24
1981,Brian Houston,jyoung@williams.org,+1-337-429-8686,Oconnorside,MA,USA,2022-11-09
1982,Shawn Lang,joseph18@yahoo.com,023-846-3497x6242,Port Chelsea,AL,USA,2025-01-22
1983,Destiny Simmons,rcole@ramirez.com,001-602-209-5551x0199,Burtonburgh,MA,USA,2022-09-30
1984,Cynthia Fitzgerald,james86@martin-blake.com,319-157-8834x9507,Pattersonburgh,TX,USA,2023-11-06
1985,Stephanie Ramirez,kristine34@gmail.com,792-613-9828,Sandyfort,AR,USA,2023-07-18
1986,Betty Gonzalez,vstone@roach.com,+1-498-019-5414x40320,North Erinton,NJ,USA,2023-11-11
1987,David Myers,lopezcarlos@hill.com,2597085844,Jackborough,MT,USA,2022-08-11
1988,Stephanie Mitchell,paceronald@jimenez.biz,448.832.0763,Turnermouth,CO,USA,2022-12-11
1989,Melissa Turner,mwilkins@dyer.com,(314)703-3317x6056,Lake Jenniferberg,ND,USA,2023-02-23
1990,Vickie Jenkins,steven34@gmail.com,536-254-3463,Hollymouth,NC,USA,2024-02-04
1991,William Cox,fdickerson@gmail.com,(336)444-7067x5552,Port Brandonmouth,NM,USA,2025-01-01
1992,Matthew Clark,scottvalerie@bray.biz,291.213.2580x452,South Richard,NE,USA,2023-08-30
1993,Garrett Garner,millerlaura@hamilton-montgomery.com,001-039-787-6892x3513,Port Andreaton,NV,USA,2022-09-06
1994,Kristen Hines,bryanbell@yahoo.com,(551)738-0914x0320,Port Kathleen,ID,USA,2024-02-18
1995,Ian Ramirez,smithbrandon@hensley.com,595-632-5337x12971,South Matthew,KY,USA,2023-10-15
1996,Carol Jordan,jeffery77@yahoo.com,(459)249-2901x0012,West Christine,HI,USA,2024-05-13
1997,Patricia Velez,dylancompton@brooks.com,(282)805-3010x837,Port Adamland,NE,USA,2024-03-22
1998,Susan Hayes,aarroyo@martin-browning.org,001-010-323-6731x20680,Port Gerald,OR,USA,2024-09-04
1999,Eric Silva,davidcarter@wood-perez.com,001-686-121-5579x8594,Bishopview,MA,USA,2024-11-11
2000,John Bowman,misty67@hotmail.com,801-295-4928x405,New Tylerchester,SD,USA,2024-12-18
